Trade #,Type       ,Signal     ,Date/Time          ,Price  ,Contracts,Profit  ,ProfitPerc,ProfitEqPerc,ProfitEq,RunUpPerc,RunUp  ,DrawdownPerc,Drawdown
1      ,Entry Short,Enter Short,2013-12-07 13:00:00,788.4  ,         ,        ,          ,            ,        ,         ,       ,            ,
       ,Exit Short ,Enter Long ,2013-12-27 13:00:00,747    ,1.2593   ,52.1    ,0.1       ,0.1         ,52.1    ,0.5      ,514.3  ,0.2         ,240.3
2      ,Entry Long ,Enter Long ,2013-12-27 13:00:00,747    ,         ,        ,          ,            ,        ,         ,       ,            ,
       ,Exit Long  ,Enter Short,2014-01-15 01:00:00,831    ,1.4085   ,118.3   ,0.1       ,0.1         ,170.4   ,0.4      ,383.1  ,0           ,46.3
3      ,Entry Short,Enter Short,2014-01-15 01:00:00,831    ,         ,        ,          ,            ,        ,         ,       ,            ,
       ,Exit Short ,Enter Long ,2014-02-03 01:00:00,814.9  ,1.3943   ,22.4    ,0         ,0           ,192.9   ,0.1      ,78.1   ,0           ,47.4
4      ,Entry Long ,Enter Long ,2014-02-03 01:00:00,814.9  ,         ,        ,          ,            ,        ,         ,       ,            ,
       ,Exit Long  ,Enter Short,2014-02-05 01:00:00,802.4  ,1.4493   ,-18.1   ,-0        ,-0          ,174.8   ,0        ,7.1    ,0           ,22.2
5      ,Entry Short,Enter Short,2014-02-05 01:00:00,802.4  ,         ,        ,          ,            ,        ,         ,       ,            ,
       ,Exit Short ,Enter Long ,2014-03-04 01:00:00,675    ,1.4494   ,184.7   ,0.2       ,0.2         ,359.4   ,0.4      ,510.8  ,0           ,19.6
6      ,Entry Long ,Enter Long ,2014-03-04 01:00:00,675    ,         ,        ,          ,            ,        ,         ,       ,            ,
       ,Exit Long  ,Enter Short,2014-03-12 13:00:00,642.5  ,2.0352   ,-66.1   ,-0        ,-0          ,293.3   ,0.1      ,91.6   ,0.2         ,253.8
7      ,Entry Short,Enter Short,2014-03-12 13:00:00,642.5  ,         ,        ,          ,            ,        ,         ,       ,            ,
       ,Exit Short ,Enter Long ,2014-04-16 02:00:00,529.8  ,1.9927   ,224.6   ,0.2       ,0.2         ,517.9   ,0.4      ,575.4  ,0           ,33.5
8      ,Entry Long ,Enter Long ,2014-04-16 02:00:00,529.8  ,         ,        ,          ,            ,        ,         ,       ,            ,
       ,Exit Long  ,Enter Short,2014-04-25 14:00:00,453.7  ,2.7885   ,-212.2  ,-0.1      ,-0.1        ,305.7   ,0        ,41.2   ,0.2         ,225.3
9      ,Entry Short,Enter Short,2014-04-25 14:00:00,453.7  ,         ,        ,          ,            ,        ,         ,       ,            ,
       ,Exit Short ,Enter Long ,2014-05-10 14:00:00,450.5  ,2.849    ,9.1     ,0         ,0           ,314.8   ,0.1      ,89.8   ,0           ,64.1
10     ,Entry Long ,Enter Long ,2014-05-10 14:00:00,450.5  ,         ,        ,          ,            ,        ,         ,       ,            ,
       ,Exit Long  ,Enter Short,2014-05-13 14:00:00,436.5  ,2.8889   ,-40.4   ,-0        ,-0          ,274.3   ,0        ,13     ,0           ,52.8
11     ,Entry Short,Enter Short,2014-05-13 14:00:00,436.5  ,         ,        ,          ,            ,        ,         ,       ,            ,
       ,Exit Short ,Enter Long ,2014-05-16 14:00:00,453.8  ,2.8902   ,-50     ,-0        ,-0          ,224.3   ,0        ,0.1    ,0           ,50
12     ,Entry Long ,Enter Long ,2014-05-16 14:00:00,453.8  ,         ,        ,          ,            ,        ,         ,       ,            ,
       ,Exit Long  ,Enter Short,2014-06-12 14:00:00,635.8  ,2.7538   ,501.2   ,0.4       ,0.4         ,725.5   ,0.5      ,617.2  ,0           ,22.7
13     ,Entry Short,Enter Short,2014-06-12 14:00:00,635.8  ,         ,        ,          ,            ,        ,         ,       ,            ,
       ,Exit Short ,Enter Long ,2014-06-29 14:00:00,590.5  ,2.6866   ,121.7   ,0.1       ,0.1         ,847.2   ,0.2      ,272.8  ,0           ,0
14     ,Entry Long ,Enter Long ,2014-06-29 14:00:00,590.5  ,         ,        ,          ,            ,        ,         ,       ,            ,
       ,Exit Long  ,Enter Short,2014-07-09 14:00:00,627    ,2.9841   ,108.9   ,0.1       ,0.1         ,956.1   ,0.1      ,204    ,0           ,8.3
15     ,Entry Short,Enter Short,2014-07-09 14:00:00,627    ,         ,        ,          ,            ,        ,         ,       ,            ,
       ,Exit Short ,Enter Long ,2014-07-13 02:00:00,632    ,3.0912   ,-15.5   ,-0        ,-0          ,940.7   ,0        ,38.7   ,0           ,38.3
16     ,Entry Long ,Enter Long ,2014-07-13 02:00:00,632    ,         ,        ,          ,            ,        ,         ,       ,            ,
       ,Exit Long  ,Enter Short,2014-07-16 14:00:00,614    ,2.9695   ,-53.5   ,-0        ,-0          ,887.2   ,0        ,63.8   ,0           ,53.5
17     ,Entry Short,Enter Short,2014-07-16 14:00:00,614    ,         ,        ,          ,            ,        ,         ,       ,            ,
       ,Exit Short ,Enter Long ,2014-07-22 02:00:00,618.7  ,3.0409   ,-14.3   ,-0        ,-0          ,872.9   ,0        ,11.1   ,0           ,48.7
18     ,Entry Long ,Enter Long ,2014-07-22 02:00:00,618.7  ,         ,        ,          ,            ,        ,         ,       ,            ,
       ,Exit Long  ,Enter Short,2014-07-22 14:00:00,618.7  ,2.8913   ,0       ,0         ,0           ,872.9   ,0        ,0      ,0           ,0
19     ,Entry Short,Enter Short,2014-07-22 14:00:00,618.7  ,         ,        ,          ,            ,        ,         ,       ,            ,
       ,Exit Short ,Enter Long ,2014-08-24 14:00:00,524.9  ,2.9969   ,281.1   ,0.2       ,0.2         ,1154.1  ,0.3      ,490.6  ,0           ,15.8
20     ,Entry Long ,Enter Long ,2014-08-24 14:00:00,524.9  ,         ,        ,          ,            ,        ,         ,       ,            ,
       ,Exit Long  ,Enter Short,2014-08-29 02:00:00,524.8  ,4.0613   ,-0.4    ,-0        ,-0          ,1153.7  ,0        ,0      ,0.1         ,141.3
21     ,Entry Short,Enter Short,2014-08-29 02:00:00,524.8  ,         ,        ,          ,            ,        ,         ,       ,            ,
       ,Exit Short ,Enter Long ,2014-08-30 14:00:00,495.3  ,4.0652   ,119.9   ,0.1       ,0.1         ,1273.6  ,0.1      ,119.9  ,0           ,0.3
22     ,Entry Long ,Enter Long ,2014-08-30 14:00:00,495.3  ,         ,        ,          ,            ,        ,         ,       ,            ,
       ,Exit Long  ,Enter Short,2014-08-31 14:00:00,495    ,4.0615   ,-1.2    ,-0        ,-0          ,1272.4  ,0.1      ,119.7  ,0           ,1.2
23     ,Entry Short,Enter Short,2014-08-31 14:00:00,495    ,         ,        ,          ,            ,        ,         ,       ,            ,
       ,Exit Short ,Enter Long ,2014-10-11 02:00:00,378.8  ,4.5447   ,528.1   ,0.2       ,0.2         ,1800.5  ,0.4      ,1007.4 ,0.1         ,150
24     ,Entry Long ,Enter Long ,2014-10-11 02:00:00,378.8  ,         ,        ,          ,            ,        ,         ,       ,            ,
       ,Exit Long  ,Enter Short,2014-10-24 02:00:00,368.4  ,8.0903   ,-84.1   ,-0        ,-0          ,1716.3  ,0.1      ,325.1  ,0.1         ,210.1
25     ,Entry Short,Enter Short,2014-10-24 02:00:00,368.4  ,         ,        ,          ,            ,        ,         ,       ,            ,
       ,Exit Short ,Enter Long ,2014-11-08 01:00:00,341.1  ,7.2999   ,199.3   ,0.1       ,0.1         ,1915.6  ,0.1      ,353.3  ,0           ,119.1
26     ,Entry Long ,Enter Long ,2014-11-08 01:00:00,341.1  ,         ,        ,          ,            ,        ,         ,       ,            ,
       ,Exit Long  ,Enter Short,2014-11-21 13:00:00,359    ,8.1919   ,146.6   ,0.1       ,0.1         ,2062.2  ,0.3      ,892.1  ,0           ,89.6
27     ,Entry Short,Enter Short,2014-11-21 13:00:00,359    ,         ,        ,          ,            ,        ,         ,       ,            ,
       ,Exit Short ,Enter Long ,2014-11-26 13:00:00,388.8  ,8.4444   ,-251.6  ,-0.1      ,-0.1        ,1810.6  ,0        ,0      ,0.1         ,261.8
28     ,Entry Long ,Enter Long ,2014-11-26 13:00:00,388.8  ,         ,        ,          ,            ,        ,         ,       ,            ,
       ,Exit Long  ,Enter Short,2014-11-29 13:00:00,387    ,7.111    ,-12.8   ,-0        ,-0          ,1797.8  ,0        ,0.3    ,0.1         ,201.1
29     ,Entry Short,Enter Short,2014-11-29 13:00:00,387    ,         ,        ,          ,            ,        ,         ,       ,            ,
       ,Exit Short ,Enter Long ,2014-11-30 13:00:00,386.3  ,7.1571   ,5       ,0         ,0           ,1802.8  ,0        ,56.6   ,0           ,0
30     ,Entry Long ,Enter Long ,2014-11-30 13:00:00,386.3  ,         ,        ,          ,            ,        ,         ,       ,            ,
       ,Exit Long  ,Enter Short,2014-12-06 01:00:00,375.2  ,7.4545   ,-82.7   ,-0        ,-0          ,1720.1  ,0        ,3.3    ,0.1         ,160.9
31     ,Entry Short,Enter Short,2014-12-06 01:00:00,375.2  ,         ,        ,          ,            ,        ,         ,       ,            ,
       ,Exit Short ,Enter Long ,2014-12-06 13:00:00,371    ,7.1771   ,30.1    ,0         ,0           ,1750.2  ,0        ,58.9   ,0.1         ,139.2
32     ,Entry Long ,Enter Long ,2014-12-06 13:00:00,371    ,         ,        ,          ,            ,        ,         ,       ,            ,
       ,Exit Long  ,Enter Short,2014-12-07 13:00:00,373.4  ,6.4752   ,15.5    ,0         ,0           ,1765.7  ,0.1      ,152.7  ,0           ,3.7
33     ,Entry Short,Enter Short,2014-12-07 13:00:00,373.4  ,         ,        ,          ,            ,        ,         ,       ,            ,
       ,Exit Short ,Enter Long ,2015-01-23 13:00:00,228    ,7.3328   ,1066.2  ,0.4       ,0.4         ,2831.9  ,0.5      ,1454.8 ,0           ,121.6
34     ,Entry Long ,Enter Long ,2015-01-23 13:00:00,228    ,         ,        ,          ,            ,        ,         ,       ,            ,
       ,Exit Long  ,Enter Short,2015-01-31 01:00:00,230    ,17.21    ,34.4    ,0         ,0           ,2866.4  ,0.3      ,1360.4 ,0.1         ,395.8
35     ,Entry Short,Enter Short,2015-01-31 01:00:00,230    ,         ,        ,          ,            ,        ,         ,       ,            ,
       ,Exit Short ,Enter Long ,2015-02-14 13:00:00,229    ,16.6241  ,16.6    ,0         ,0           ,2883    ,0.1      ,415.6  ,0.1         ,331.5
36     ,Entry Long ,Enter Long ,2015-02-14 13:00:00,229    ,         ,        ,          ,            ,        ,         ,       ,            ,
       ,Exit Long  ,Enter Short,2015-02-26 13:00:00,235    ,15.0793  ,90.5    ,0         ,0           ,2973.5  ,0.2      ,539.8  ,0           ,20.1
37     ,Entry Short,Enter Short,2015-02-26 13:00:00,235    ,         ,        ,          ,            ,        ,         ,       ,            ,
       ,Exit Short ,Enter Long ,2015-02-27 13:00:00,253.2  ,16.7227  ,-304.4  ,-0.1      ,-0.1        ,2669.1  ,0        ,0      ,0.1         ,408.3
38     ,Entry Long ,Enter Long ,2015-02-27 13:00:00,253.2  ,         ,        ,          ,            ,        ,         ,       ,            ,
       ,Exit Long  ,Enter Short,2015-03-19 01:00:00,253.4  ,14.7415  ,2.9     ,0         ,0           ,2672    ,0.2      ,689.9  ,0.1         ,194.5
39     ,Entry Short,Enter Short,2015-03-19 01:00:00,253.4  ,         ,        ,          ,            ,        ,         ,       ,            ,
       ,Exit Short ,Enter Long ,2015-04-06 02:00:00,261    ,14.3501  ,-109.1  ,-0        ,-0          ,2563    ,0.1      ,225.5  ,0.1         ,394.2
40     ,Entry Long ,Enter Long ,2015-04-06 02:00:00,261    ,         ,        ,          ,            ,        ,         ,       ,            ,
       ,Exit Long  ,Enter Short,2015-04-09 14:00:00,240    ,13.6219  ,-286.1  ,-0.1      ,-0.1        ,2276.9  ,0        ,19.4   ,0.1         ,286.6
41     ,Entry Short,Enter Short,2015-04-09 14:00:00,240    ,         ,        ,          ,            ,        ,         ,       ,            ,
       ,Exit Short ,Enter Long ,2015-04-23 02:00:00,234.1  ,13.5173  ,79.8    ,0         ,0           ,2356.7  ,0.1      ,317.7  ,0           ,125.6
42     ,Entry Long ,Enter Long ,2015-04-23 02:00:00,234.1  ,         ,        ,          ,            ,        ,         ,       ,            ,
       ,Exit Long  ,Enter Short,2015-04-27 02:00:00,223.6  ,14.2933  ,-150.1  ,-0        ,-0          ,2206.6  ,0        ,49.8   ,0.1         ,253.8
43     ,Entry Short,Enter Short,2015-04-27 02:00:00,223.6  ,         ,        ,          ,            ,        ,         ,       ,            ,
       ,Exit Short ,Enter Long ,2015-05-01 02:00:00,235.5  ,14.1981  ,-169    ,-0.1      ,-0.1        ,2037.6  ,0        ,88.9   ,0.1         ,227.9
44     ,Entry Long ,Enter Long ,2015-05-01 02:00:00,235.5  ,         ,        ,          ,            ,        ,         ,       ,            ,
       ,Exit Long  ,Enter Short,2015-05-18 14:00:00,236.6  ,12.5653  ,13.8    ,0         ,0           ,2051.5  ,0        ,106.8  ,0           ,106.8
45     ,Entry Short,Enter Short,2015-05-18 14:00:00,236.6  ,         ,        ,          ,            ,        ,         ,       ,            ,
       ,Exit Short ,Enter Long ,2015-05-24 02:00:00,237.5  ,12.7691  ,-11.5   ,-0        ,-0          ,2040    ,0        ,70.3   ,0           ,94.5
46     ,Entry Long ,Enter Long ,2015-05-24 02:00:00,237.5  ,         ,        ,          ,            ,        ,         ,       ,            ,
       ,Exit Long  ,Enter Short,2015-05-28 14:00:00,236.6  ,12.6835  ,-11.4   ,-0        ,-0          ,2028.6  ,0        ,46.1   ,0           ,44
47     ,Entry Short,Enter Short,2015-05-28 14:00:00,236.6  ,         ,        ,          ,            ,        ,         ,       ,            ,
       ,Exit Short ,Enter Long ,2015-06-11 02:00:00,228.7  ,12.6727  ,100.1   ,0         ,0           ,2128.7  ,0.1      ,206.1  ,0           ,16.5
48     ,Entry Long ,Enter Long ,2015-06-11 02:00:00,228.7  ,         ,        ,          ,            ,        ,         ,       ,            ,
       ,Exit Long  ,Enter Short,2015-06-26 14:00:00,243.6  ,13.7084  ,204.3   ,0.1       ,0.1         ,2332.9  ,0.1      ,379.5  ,0           ,35
49     ,Entry Short,Enter Short,2015-06-26 14:00:00,243.6  ,         ,        ,          ,            ,        ,         ,       ,            ,
       ,Exit Short ,Enter Long ,2015-06-28 02:00:00,251.3  ,13.5449  ,-104.3  ,-0        ,-0          ,2228.6  ,0        ,21.7   ,0           ,112.8
50     ,Entry Long ,Enter Long ,2015-06-28 02:00:00,251.3  ,         ,        ,          ,            ,        ,         ,       ,            ,
       ,Exit Long  ,Enter Short,2015-07-18 02:00:00,281    ,12.6541  ,375.8   ,0.1       ,0.1         ,2604.5  ,0.3      ,818.9  ,0           ,48.7
51     ,Entry Short,Enter Short,2015-07-18 02:00:00,281    ,         ,        ,          ,            ,        ,         ,       ,            ,
       ,Exit Short ,Enter Long ,2015-07-25 14:00:00,291.8  ,12.6993  ,-137.2  ,-0        ,-0          ,2467.3  ,0        ,84.9   ,0           ,137.3
52     ,Entry Long ,Enter Long ,2015-07-25 14:00:00,291.8  ,         ,        ,          ,            ,        ,         ,       ,            ,
       ,Exit Long  ,Enter Short,2015-08-01 14:00:00,285.7  ,11.7626  ,-71.8   ,-0        ,-0          ,2395.6  ,0        ,58.9   ,0           ,138.8
53     ,Entry Short,Enter Short,2015-08-01 14:00:00,285.7  ,         ,        ,          ,            ,        ,         ,       ,            ,
       ,Exit Short ,Enter Long ,2015-09-06 02:00:00,237    ,11.7686  ,573.1   ,0.2       ,0.2         ,2968.7  ,0.3      ,1148.5 ,0           ,58.5
54     ,Entry Long ,Enter Long ,2015-09-06 02:00:00,237    ,         ,        ,          ,            ,        ,         ,       ,            ,
       ,Exit Long  ,Enter Short,2015-09-14 02:00:00,230    ,16.6591  ,-116.6  ,-0        ,-0          ,2852.1  ,0        ,158.4  ,0           ,138.6
55     ,Entry Short,Enter Short,2015-09-14 02:00:00,230    ,         ,        ,          ,            ,        ,         ,       ,            ,
       ,Exit Short ,Enter Long ,2015-09-26 02:00:00,234    ,16.5806  ,-66.3   ,-0        ,-0          ,2785.7  ,0        ,114.4  ,0           ,119.4
56     ,Entry Long ,Enter Long ,2015-09-26 02:00:00,234    ,         ,        ,          ,            ,        ,         ,       ,            ,
       ,Exit Long  ,Enter Short,2015-11-11 13:00:00,320    ,15.7417  ,1353.8  ,0.4       ,0.4         ,4139.5  ,1.1      ,4029.7 ,0           ,53.2
57     ,Entry Short,Enter Short,2015-11-11 13:00:00,320    ,         ,        ,          ,            ,        ,         ,       ,            ,
       ,Exit Short ,Enter Long ,2015-11-26 13:00:00,359.5  ,15.904   ,-628.2  ,-0.1      ,-0.1        ,3511.3  ,0.1      ,318.1  ,0.1         ,628.2
58     ,Entry Long ,Enter Long ,2015-11-26 13:00:00,359.5  ,         ,        ,          ,            ,        ,         ,       ,            ,
       ,Exit Long  ,Enter Short,2015-12-23 13:00:00,443.5  ,12.7804  ,1073.6  ,0.2       ,0.2         ,4584.9  ,0.3      ,1382.7 ,0.1         ,234.6
59     ,Entry Short,Enter Short,2015-12-23 13:00:00,443.5  ,         ,        ,          ,            ,        ,         ,       ,            ,
       ,Exit Short ,Enter Long ,2015-12-25 01:00:00,455.3  ,12.4661  ,-147.1  ,-0        ,-0          ,4437.8  ,0        ,28.6   ,0           ,180.8
60     ,Entry Long ,Enter Long ,2015-12-25 01:00:00,455.3  ,         ,        ,          ,            ,        ,         ,       ,            ,
       ,Exit Long  ,Enter Short,2015-12-27 01:00:00,413    ,11.9619  ,-506    ,-0.1      ,-0.1        ,3931.8  ,0        ,31.7   ,0.1         ,553.8
61     ,Entry Short,Enter Short,2015-12-27 01:00:00,413    ,         ,        ,          ,            ,        ,         ,       ,            ,
       ,Exit Short ,Enter Long ,2016-01-07 13:00:00,449.9  ,11.8221  ,-436.2  ,-0.1      ,-0.1        ,3495.6  ,0        ,42.5   ,0.1         ,437.4
62     ,Entry Long ,Enter Long ,2016-01-07 13:00:00,449.9  ,         ,        ,          ,            ,        ,         ,       ,            ,
       ,Exit Long  ,Enter Short,2016-01-14 13:00:00,434.2  ,10.0364  ,-157.6  ,-0        ,-0          ,3338    ,0        ,101.4  ,0.1         ,228.1
63     ,Entry Short,Enter Short,2016-01-14 13:00:00,434.2  ,         ,        ,          ,            ,        ,         ,       ,            ,
       ,Exit Short ,Enter Long ,2016-02-12 13:00:00,381    ,9.8906   ,526.2   ,0.1       ,0.1         ,3864.2  ,0.2      ,815.4  ,0           ,29.2
64     ,Entry Long ,Enter Long ,2016-02-12 13:00:00,381    ,         ,        ,          ,            ,        ,         ,       ,            ,
       ,Exit Long  ,Enter Short,2016-03-04 01:00:00,421.3  ,12.7474  ,513.7   ,0.1       ,0.1         ,4377.9  ,0.2      ,803.1  ,0           ,37.9
65     ,Entry Short,Enter Short,2016-03-04 01:00:00,421.3  ,         ,        ,          ,            ,        ,         ,       ,            ,
       ,Exit Short ,Enter Long ,2016-03-12 01:00:00,419.2  ,12.6373  ,26.5    ,0         ,0           ,4404.4  ,0.1      ,430    ,0           ,106.2
66     ,Entry Long ,Enter Long ,2016-03-12 01:00:00,419.2  ,         ,        ,          ,            ,        ,         ,       ,            ,
       ,Exit Long  ,Enter Short,2016-03-14 01:00:00,410.3  ,12.6942  ,-113    ,-0        ,-0          ,4291.4  ,0        ,17.6   ,0           ,165.7
67     ,Entry Short,Enter Short,2016-03-14 01:00:00,410.3  ,         ,        ,          ,            ,        ,         ,       ,            ,
       ,Exit Short ,Enter Long ,2016-03-16 01:00:00,415.3  ,12.7685  ,-63.8   ,-0        ,-0          ,4227.6  ,0        ,32.7   ,0           ,86.7
68     ,Entry Long ,Enter Long ,2016-03-16 01:00:00,415.3  ,         ,        ,          ,            ,        ,         ,       ,            ,
       ,Exit Long  ,Enter Short,2016-03-20 01:00:00,409.9  ,12.4713  ,-67.3   ,-0        ,-0          ,4160.3  ,0        ,92.2   ,0           ,128.1
69     ,Entry Short,Enter Short,2016-03-20 01:00:00,409.9  ,         ,        ,          ,            ,        ,         ,       ,            ,
       ,Exit Short ,Enter Long ,2016-03-23 13:00:00,415.3  ,12.4632  ,-67.3   ,-0        ,-0          ,4093    ,0        ,27.7   ,0           ,100.7
70     ,Entry Long ,Enter Long ,2016-03-23 13:00:00,415.3  ,         ,        ,          ,            ,        ,         ,       ,            ,
       ,Exit Long  ,Enter Short,2016-03-31 14:00:00,415.3  ,12.1583  ,0       ,0         ,0           ,4093    ,0        ,178.7  ,0           ,125.2
71     ,Entry Short,Enter Short,2016-03-31 14:00:00,415.3  ,         ,        ,          ,            ,        ,         ,       ,            ,
       ,Exit Short ,Enter Long ,2016-04-02 14:00:00,421    ,12.1406  ,-69.2   ,-0        ,-0          ,4023.8  ,0        ,15.2   ,0           ,95.5
72     ,Entry Long ,Enter Long ,2016-04-02 14:00:00,421    ,         ,        ,          ,            ,        ,         ,       ,            ,
       ,Exit Long  ,Enter Short,2016-05-02 14:00:00,443.8  ,11.8135  ,269.3   ,0.1       ,0.1         ,4293.1  ,0.1      ,578.9  ,0           ,70.9
73     ,Entry Short,Enter Short,2016-05-02 14:00:00,443.8  ,         ,        ,          ,            ,        ,         ,       ,            ,
       ,Exit Short ,Enter Long ,2016-05-07 14:00:00,460.9  ,11.8074  ,-201.9  ,-0        ,-0          ,4091.2  ,0        ,38.7   ,0           ,219.3
74     ,Entry Long ,Enter Long ,2016-05-07 14:00:00,460.9  ,         ,        ,          ,            ,        ,         ,       ,            ,
       ,Exit Long  ,Enter Short,2016-05-13 14:00:00,455.3  ,10.9882  ,-61.5   ,-0        ,-0          ,4029.7  ,0        ,44.9   ,0           ,126.4
75     ,Entry Short,Enter Short,2016-05-13 14:00:00,455.3  ,         ,        ,          ,            ,        ,         ,       ,            ,
       ,Exit Short ,Enter Long ,2016-05-14 02:00:00,456.9  ,10.9364  ,-17.5   ,-0        ,-0          ,4012.2  ,0        ,11     ,0           ,24.1
76     ,Entry Long ,Enter Long ,2016-05-14 02:00:00,456.9  ,         ,        ,          ,            ,        ,         ,       ,            ,
       ,Exit Long  ,Enter Short,2016-05-18 02:00:00,452.8  ,10.8896  ,-44.6   ,-0        ,-0          ,3967.5  ,0        ,31.4   ,0           ,73.3
77     ,Entry Short,Enter Short,2016-05-18 02:00:00,452.8  ,         ,        ,          ,            ,        ,         ,       ,            ,
       ,Exit Short ,Enter Long ,2016-05-26 14:00:00,450.5  ,10.8608  ,25      ,0         ,0           ,3992.5  ,0.1      ,279.5  ,0           ,33.5
78     ,Entry Long ,Enter Long ,2016-05-26 14:00:00,450.5  ,         ,        ,          ,            ,        ,         ,       ,            ,
       ,Exit Long  ,Enter Short,2016-06-23 02:00:00,599.9  ,10.9915  ,1642.1  ,0.3       ,0.3         ,5634.6  ,0.7      ,3634.3 ,0           ,7.8
79     ,Entry Short,Enter Short,2016-06-23 02:00:00,599.9  ,         ,        ,          ,            ,        ,         ,       ,            ,
       ,Exit Short ,Enter Long ,2016-07-02 14:00:00,691.3  ,10.9487  ,-1000.7 ,-0.2      ,-0.2        ,4633.9  ,0.1      ,530    ,0.3         ,1777.4
80     ,Entry Long ,Enter Long ,2016-07-02 14:00:00,691.3  ,         ,        ,          ,            ,        ,         ,       ,            ,
       ,Exit Long  ,Enter Short,2016-07-08 02:00:00,640.4  ,8.0643   ,-410.5  ,-0.1      ,-0.1        ,4223.4  ,0        ,102.1  ,0.1         ,650
81     ,Entry Short,Enter Short,2016-07-08 02:00:00,640.4  ,         ,        ,          ,            ,        ,         ,       ,            ,
       ,Exit Short ,Enter Long ,2016-07-15 02:00:00,661.3  ,8.0749   ,-168.8  ,-0        ,-0          ,4054.7  ,0        ,148.6  ,0.1         ,287.3
82     ,Entry Long ,Enter Long ,2016-07-15 02:00:00,661.3  ,         ,        ,          ,            ,        ,         ,       ,            ,
       ,Exit Long  ,Enter Short,2016-07-23 02:00:00,651.2  ,7.5274   ,-76     ,-0        ,-0          ,3978.6  ,0        ,185.9  ,0           ,126.1
83     ,Entry Short,Enter Short,2016-07-23 02:00:00,651.2  ,         ,        ,          ,            ,        ,         ,       ,            ,
       ,Exit Short ,Enter Long ,2016-08-22 02:00:00,581.3  ,7.5688   ,529.1   ,0.1       ,0.1         ,4507.7  ,0.3      ,1303.3 ,0           ,130.5
84     ,Entry Long ,Enter Long ,2016-08-22 02:00:00,581.3  ,         ,        ,          ,            ,        ,         ,       ,            ,
       ,Exit Long  ,Enter Short,2016-08-26 14:00:00,577    ,9.3733   ,-40.3   ,-0        ,-0          ,4467.4  ,0        ,99.9   ,0           ,105.9
85     ,Entry Short,Enter Short,2016-08-26 14:00:00,577    ,         ,        ,          ,            ,        ,         ,       ,            ,
       ,Exit Short ,Enter Long ,2016-09-04 02:00:00,601    ,9.3807   ,-225.1  ,-0        ,-0          ,4242.3  ,0        ,119.4  ,0           ,265.7
86     ,Entry Long ,Enter Long ,2016-09-04 02:00:00,601    ,         ,        ,          ,            ,        ,         ,       ,            ,
       ,Exit Long  ,Enter Short,2016-09-16 02:00:00,612.9  ,8.6353   ,102.8   ,0         ,0           ,4345    ,0.1      ,291.6  ,0           ,50.4
87     ,Entry Short,Enter Short,2016-09-16 02:00:00,612.9  ,         ,        ,          ,            ,        ,         ,       ,            ,
       ,Exit Short ,Enter Long ,2016-09-28 14:00:00,606    ,8.634    ,59.6    ,0         ,0           ,4404.6  ,0        ,180.4  ,0           ,14.6
88     ,Entry Long ,Enter Long ,2016-09-28 14:00:00,606    ,         ,        ,          ,            ,        ,         ,       ,            ,
       ,Exit Long  ,Enter Short,2016-10-21 02:00:00,630.1  ,8.8318   ,212.8   ,0         ,0           ,4617.4  ,0.1      ,362.1  ,0           ,15.5
89     ,Entry Short,Enter Short,2016-10-21 02:00:00,630.1  ,         ,        ,          ,            ,        ,         ,       ,            ,
       ,Exit Short ,Enter Long ,2016-10-23 02:00:00,663.7  ,8.826    ,-296.6  ,-0.1      ,-0.1        ,4320.9  ,0        ,24.7   ,0.1         ,350.9
90     ,Entry Long ,Enter Long ,2016-10-23 02:00:00,663.7  ,         ,        ,          ,            ,        ,         ,       ,            ,
       ,Exit Long  ,Enter Short,2016-11-13 13:00:00,693.7  ,7.9993   ,240     ,0         ,0           ,4560.9  ,0.1      ,694.3  ,0           ,143.1
91     ,Entry Short,Enter Short,2016-11-13 13:00:00,693.7  ,         ,        ,          ,            ,        ,         ,       ,            ,
       ,Exit Short ,Enter Long ,2016-11-17 01:00:00,741.9  ,7.936    ,-382.5  ,-0.1      ,-0.1        ,4178.4  ,0        ,66.4   ,0.1         ,405.5
92     ,Entry Long ,Enter Long ,2016-11-17 01:00:00,741.9  ,         ,        ,          ,            ,        ,         ,       ,            ,
       ,Exit Long  ,Enter Short,2016-11-27 13:00:00,736    ,6.9159   ,-40.8   ,-0        ,-0          ,4137.6  ,0        ,146.7  ,0           ,199.9
93     ,Entry Short,Enter Short,2016-11-27 13:00:00,736    ,         ,        ,          ,            ,        ,         ,       ,            ,
       ,Exit Short ,Enter Long ,2016-12-01 13:00:00,748.1  ,6.9104   ,-83.6   ,-0        ,-0          ,4053.9  ,0        ,55.3   ,0           ,96.1
94     ,Entry Long ,Enter Long ,2016-12-01 13:00:00,748.1  ,         ,        ,          ,            ,        ,         ,       ,            ,
       ,Exit Long  ,Enter Short,2017-01-07 13:00:00,878.6  ,6.6718   ,870.7   ,0.2       ,0.2         ,4924.6  ,0.5      ,2727.4 ,0           ,14.5
95     ,Entry Short,Enter Short,2017-01-07 13:00:00,878.6  ,         ,        ,          ,            ,        ,         ,       ,            ,
       ,Exit Short ,Enter Long ,2017-01-19 01:00:00,892.4  ,6.6757   ,-92.1   ,-0        ,-0          ,4832.5  ,0.1      ,818.4  ,0.1         ,409.9
96     ,Entry Long ,Enter Long ,2017-01-19 01:00:00,892.4  ,         ,        ,          ,            ,        ,         ,       ,            ,
       ,Exit Long  ,Enter Short,2017-02-12 01:00:00,1010.6 ,6.4716   ,764.9   ,0.1       ,0.1         ,5597.4  ,0.2      ,1213.5 ,0           ,63.6
97     ,Entry Short,Enter Short,2017-02-12 01:00:00,1010.6 ,         ,        ,          ,            ,        ,         ,       ,            ,
       ,Exit Short ,Enter Long ,2017-02-17 01:00:00,1038.5 ,6.4629   ,-180.3  ,-0        ,-0          ,5417.1  ,0        ,184.8  ,0           ,238
98     ,Entry Long ,Enter Long ,2017-02-17 01:00:00,1038.5 ,         ,        ,          ,            ,        ,         ,       ,            ,
       ,Exit Long  ,Enter Short,2017-03-09 13:00:00,1165   ,6.1009   ,771.8   ,0.1       ,0.1         ,6188.9  ,0.2      ,1522.2 ,0           ,15.3
99     ,Entry Short,Enter Short,2017-03-09 13:00:00,1165   ,         ,        ,          ,            ,        ,         ,       ,            ,
       ,Exit Short ,Enter Long ,2017-03-15 01:00:00,1245.9 ,6.1089   ,-494.2  ,-0.1      ,-0.1        ,5694.7  ,0.2      ,1203.5 ,0.1         ,891.8
100    ,Entry Long ,Enter Long ,2017-03-15 01:00:00,1245.9 ,         ,        ,          ,            ,        ,         ,       ,            ,
       ,Exit Long  ,Enter Short,2017-03-17 13:00:00,1098   ,5.337    ,-789.3  ,-0.1      ,-0.1        ,4905.3  ,0        ,69.9   ,0.2         ,1178.9
101    ,Entry Short,Enter Short,2017-03-17 13:00:00,1098   ,         ,        ,          ,            ,        ,         ,       ,            ,
       ,Exit Short ,Enter Long ,2017-03-30 02:00:00,1042.1 ,5.324    ,297.6   ,0.1       ,0.1         ,5202.9  ,0.2      ,1150.6 ,0           ,271
102    ,Entry Long ,Enter Long ,2017-03-30 02:00:00,1042.1 ,         ,        ,          ,            ,        ,         ,       ,            ,
       ,Exit Long  ,Enter Short,2017-04-17 02:00:00,1181   ,5.8785   ,816.5   ,0.1       ,0.1         ,6019.5  ,0.2      ,1131.7 ,0           ,113.5
103    ,Entry Short,Enter Short,2017-04-17 02:00:00,1181   ,         ,        ,          ,            ,        ,         ,       ,            ,
       ,Exit Short ,Enter Long ,2017-04-18 14:00:00,1212   ,5.8842   ,-182.4  ,-0        ,-0          ,5837    ,0        ,35.3   ,0           ,217
104    ,Entry Long ,Enter Long ,2017-04-18 14:00:00,1212   ,         ,        ,          ,            ,        ,         ,       ,            ,
       ,Exit Long  ,Enter Short,2017-06-15 02:00:00,2456.6 ,5.5847   ,6950.7  ,1         ,1           ,12787.8 ,1.4      ,9695   ,0           ,83.2
105    ,Entry Short,Enter Short,2017-06-15 02:00:00,2456.6 ,         ,        ,          ,            ,        ,         ,       ,            ,
       ,Exit Short ,Enter Long ,2017-06-21 14:00:00,2715   ,5.5564   ,-1435.8 ,-0.1      ,-0.1        ,11352   ,0.2      ,2118.5 ,0.1         ,1730.3
106    ,Entry Long ,Enter Long ,2017-06-21 14:00:00,2715   ,         ,        ,          ,            ,        ,         ,       ,            ,
       ,Exit Long  ,Enter Short,2017-06-26 14:00:00,2468   ,4.4966   ,-1110.7 ,-0.1      ,-0.1        ,10241.3 ,0        ,91.3   ,0.1         ,1380.5
107    ,Entry Short,Enter Short,2017-06-26 14:00:00,2468   ,         ,        ,          ,            ,        ,         ,       ,            ,
       ,Exit Short ,Enter Long ,2017-07-05 02:00:00,2597.7 ,4.5092   ,-584.8  ,-0.1      ,-0.1        ,9656.5  ,0.1      ,1163.4 ,0.1         ,810.1
108    ,Entry Long ,Enter Long ,2017-07-05 02:00:00,2597.7 ,         ,        ,          ,            ,        ,         ,       ,            ,
       ,Exit Long  ,Enter Short,2017-07-10 14:00:00,2482.6 ,4.0567   ,-466.9  ,-0        ,-0          ,9189.6  ,0        ,124.5  ,0           ,517.2
109    ,Entry Short,Enter Short,2017-07-10 14:00:00,2482.6 ,         ,        ,          ,            ,        ,         ,       ,            ,
       ,Exit Short ,Enter Long ,2017-07-21 02:00:00,2854.9 ,4.0633   ,-1512.8 ,-0.1      ,-0.1        ,7676.8  ,0.3      ,2737   ,0.2         ,1836
110    ,Entry Long ,Enter Long ,2017-07-21 02:00:00,2854.9 ,         ,        ,          ,            ,        ,         ,       ,            ,
       ,Exit Long  ,Enter Short,2017-08-23 02:00:00,4104.9 ,3.0089   ,3761.1  ,0.4       ,0.4         ,11437.9 ,0.6      ,4902.7 ,0.2         ,1324.8
111    ,Entry Short,Enter Short,2017-08-23 02:00:00,4104.9 ,         ,        ,          ,            ,        ,         ,       ,            ,
       ,Exit Short ,Enter Long ,2017-08-23 14:00:00,4257.9 ,2.9997   ,-459    ,-0        ,-0          ,10979   ,0        ,70.5   ,0           ,510.2
112    ,Entry Long ,Enter Long ,2017-08-23 14:00:00,4257.9 ,         ,        ,          ,            ,        ,         ,       ,            ,
       ,Exit Long  ,Enter Short,2017-09-06 02:00:00,4457   ,2.7957   ,556.6   ,0         ,0           ,11535.6 ,0.2      ,1976.8 ,0           ,435.8
113    ,Entry Short,Enter Short,2017-09-06 02:00:00,4457   ,         ,        ,          ,            ,        ,         ,       ,            ,
       ,Exit Short ,Enter Long ,2017-09-07 14:00:00,4671.3 ,2.7844   ,-596.7  ,-0        ,-0          ,10938.9 ,0        ,19.5   ,0.1         ,676.3
114    ,Entry Long ,Enter Long ,2017-09-07 14:00:00,4671.3 ,         ,        ,          ,            ,        ,         ,       ,            ,
       ,Exit Long  ,Enter Short,2017-09-09 14:00:00,4395.6 ,2.5313   ,-697.9  ,-0.1      ,-0.1        ,10241   ,0        ,148.6  ,0.1         ,1347.2
115    ,Entry Short,Enter Short,2017-09-09 14:00:00,4395.6 ,         ,        ,          ,            ,        ,         ,       ,            ,
       ,Exit Short ,Enter Long ,2017-09-21 02:00:00,3863.1 ,2.5317   ,1348.1  ,0.1       ,0.1         ,11589.1 ,0.3      ,3544.6 ,0           ,11.1
116    ,Entry Long ,Enter Long ,2017-09-21 02:00:00,3863.1 ,         ,        ,          ,            ,        ,         ,       ,            ,
       ,Exit Long  ,Enter Short,2017-09-22 02:00:00,3623.9 ,3.2262   ,-771.7  ,-0.1      ,-0.1        ,10817.4 ,0        ,173.6  ,0.1         ,919.8
117    ,Entry Short,Enter Short,2017-09-22 02:00:00,3623.9 ,         ,        ,          ,            ,        ,         ,       ,            ,
       ,Exit Short ,Enter Long ,2017-09-27 02:00:00,3886.3 ,3.2283   ,-847.1  ,-0.1      ,-0.1        ,9970.3  ,0        ,319    ,0.1         ,1139.6
118    ,Entry Long ,Enter Long ,2017-09-27 02:00:00,3886.3 ,         ,        ,          ,            ,        ,         ,       ,            ,
       ,Exit Long  ,Enter Short,2017-11-12 01:00:00,6330   ,2.7952   ,6830.6  ,0.6       ,0.6         ,16801   ,1        ,10906  ,0           ,45.3
119    ,Entry Short,Enter Short,2017-11-12 01:00:00,6330   ,         ,        ,          ,            ,        ,         ,       ,            ,
       ,Exit Short ,Enter Long ,2017-11-16 13:00:00,7395   ,2.784    ,-2965   ,-0.2      ,-0.2        ,13836   ,0.1      ,2410.9 ,0.2         ,3255.9
120    ,Entry Long ,Enter Long ,2017-11-16 13:00:00,7395   ,         ,        ,          ,            ,        ,         ,       ,            ,
       ,Exit Long  ,Enter Short,2017-12-22 01:00:00,15184.3,1.9861   ,15470.3 ,1.1       ,1           ,29306.3 ,1.7      ,24359.5,0           ,11.1
121    ,Entry Short,Enter Short,2017-12-22 01:00:00,15184.3,         ,        ,          ,            ,        ,         ,       ,            ,
       ,Exit Short ,Enter Long ,2018-01-04 13:00:00,14704.9,1.9759   ,947.2   ,0         ,0           ,30253.6 ,0.3      ,7862.7 ,0.1         ,2708.8
122    ,Entry Long ,Enter Long ,2018-01-04 13:00:00,14704.9,         ,        ,          ,            ,        ,         ,       ,            ,
       ,Exit Long  ,Enter Short,2018-01-10 13:00:00,14075.2,2.1043   ,-1325.1 ,-0        ,-0          ,28928.5 ,0.2      ,5345.1 ,0.1         ,2535.5
123    ,Entry Short,Enter Short,2018-01-10 13:00:00,14075.2,         ,        ,          ,            ,        ,         ,       ,            ,
       ,Exit Short ,Enter Long ,2018-02-13 01:00:00,8897.6 ,2.105    ,10898.8 ,0.4       ,0.4         ,39827.3 ,0.6      ,17314  ,0.2         ,6577.7
124    ,Entry Long ,Enter Long ,2018-02-13 01:00:00,8897.6 ,         ,        ,          ,            ,        ,         ,       ,            ,
       ,Exit Long  ,Enter Short,2018-02-25 01:00:00,9688   ,4.5362   ,3585.4  ,0.1       ,0.1         ,43412.8 ,0.3      ,13121  ,0.1         ,2325.3
125    ,Entry Short,Enter Short,2018-02-25 01:00:00,9688   ,         ,        ,          ,            ,        ,         ,       ,            ,
       ,Exit Short ,Enter Long ,2018-02-28 13:00:00,10560  ,4.5384   ,-3957.5 ,-0.1      ,-0.1        ,39455.3 ,0        ,1715.1 ,0.1         ,6323.8
126    ,Entry Long ,Enter Long ,2018-02-28 13:00:00,10560  ,         ,        ,          ,            ,        ,         ,       ,            ,
       ,Exit Long  ,Enter Short,2018-03-08 13:00:00,9933   ,3.8003   ,-2382.8 ,-0.1      ,-0.1        ,37072.5 ,0.1      ,4204.7 ,0.1         ,4453.6
127    ,Entry Short,Enter Short,2018-03-08 13:00:00,9933   ,         ,        ,          ,            ,        ,         ,       ,            ,
       ,Exit Short ,Enter Long ,2018-03-22 13:00:00,8644.6 ,3.7945   ,4888.8  ,0.1       ,0.1         ,41961.3 ,0.3      ,9971.9 ,0           ,211
128    ,Entry Long ,Enter Long ,2018-03-22 13:00:00,8644.6 ,         ,        ,          ,            ,        ,         ,       ,            ,
       ,Exit Long  ,Enter Short,2018-03-26 14:00:00,8095.3 ,4.9246   ,-2705.1 ,-0.1      ,-0.1        ,39256.2 ,0        ,1897.9 ,0.1         ,2870.5
129    ,Entry Short,Enter Short,2018-03-26 14:00:00,8095.3 ,         ,        ,          ,            ,        ,         ,       ,            ,
       ,Exit Short ,Enter Long ,2018-04-13 02:00:00,7919.9 ,4.923    ,863.5   ,0         ,0           ,40119.7 ,0.2      ,8102.8 ,0           ,1992.3
130    ,Entry Long ,Enter Long ,2018-04-13 02:00:00,7919.9 ,         ,        ,          ,            ,        ,         ,       ,            ,
       ,Exit Long  ,Enter Short,2018-05-09 14:00:00,9260.4 ,5.14     ,6890.2  ,0.2       ,0.2         ,47009.9 ,0.3      ,10496.4,0           ,919.5
131    ,Entry Short,Enter Short,2018-05-09 14:00:00,9260.4 ,         ,        ,          ,            ,        ,         ,       ,            ,
       ,Exit Short ,Enter Long ,2018-06-03 14:00:00,7718.7 ,5.1325   ,7912.8  ,0.2       ,0.2         ,54922.7 ,0.2      ,11339.7,0           ,1045.5
132    ,Entry Long ,Enter Long ,2018-06-03 14:00:00,7718.7 ,         ,        ,          ,            ,        ,         ,       ,            ,
       ,Exit Long  ,Enter Short,2018-06-11 02:00:00,6768.2 ,7.1759   ,-6820.7 ,-0.1      ,-0.1        ,48102   ,0        ,289.9  ,0.1         ,7872
133    ,Entry Short,Enter Short,2018-06-11 02:00:00,6768.2 ,         ,        ,          ,            ,        ,         ,       ,            ,
       ,Exit Short ,Enter Long ,2018-06-22 02:00:00,6716.1 ,7.1822   ,374.2   ,0         ,0           ,48476.2 ,0.1      ,4640.4 ,0           ,944.5
134    ,Entry Long ,Enter Long ,2018-06-22 02:00:00,6716.1 ,         ,        ,          ,            ,        ,         ,       ,            ,
       ,Exit Long  ,Enter Short,2018-06-22 14:00:00,6355.5 ,7.2931   ,-2629.9 ,-0.1      ,-0.1        ,45846.3 ,0        ,67.1   ,0.1         ,3120.7
135    ,Entry Short,Enter Short,2018-06-22 14:00:00,6355.5 ,         ,        ,          ,            ,        ,         ,       ,            ,
       ,Exit Short ,Enter Long ,2018-07-02 02:00:00,6343.6 ,7.2972   ,86.8    ,0         ,0           ,45933.1 ,0.1      ,5148.2 ,0           ,1236.9
136    ,Entry Long ,Enter Long ,2018-07-02 02:00:00,6343.6 ,         ,        ,          ,            ,        ,         ,       ,            ,
       ,Exit Long  ,Enter Short,2018-07-12 02:00:00,6378   ,7.3194   ,251.8   ,0         ,0           ,46184.9 ,0.1      ,3622.4 ,0           ,502.1
137    ,Entry Short,Enter Short,2018-07-12 02:00:00,6378   ,         ,        ,          ,            ,        ,         ,       ,            ,
       ,Exit Short ,Enter Long ,2018-07-17 14:00:00,6680   ,7.324    ,-2211.8 ,-0        ,-0          ,43973.1 ,0        ,2231.6 ,0.1         ,2724.5
138    ,Entry Long ,Enter Long ,2018-07-17 14:00:00,6680   ,         ,        ,          ,            ,        ,         ,       ,            ,
       ,Exit Long  ,Enter Short,2018-08-02 02:00:00,7605.3 ,6.6755   ,6176.8  ,0.1       ,0.1         ,50149.9 ,0.3      ,12126.7,0           ,52.7
139    ,Entry Short,Enter Short,2018-08-02 02:00:00,7605.3 ,         ,        ,          ,            ,        ,         ,       ,            ,
       ,Exit Short ,Enter Long ,2018-08-19 02:00:00,6400   ,6.6583   ,8025.2  ,0.2       ,0.2         ,58175.2 ,0.2      ,11421  ,0           ,630.5
140    ,Entry Long ,Enter Long ,2018-08-19 02:00:00,6400   ,         ,        ,          ,            ,        ,         ,       ,            ,
       ,Exit Long  ,Enter Short,2018-09-07 02:00:00,6494.8 ,9.1536   ,867.8   ,0         ,0           ,59042.9 ,0.2      ,9207.6 ,0           ,1739.2
141    ,Entry Short,Enter Short,2018-09-07 02:00:00,6494.8 ,         ,        ,          ,            ,        ,         ,       ,            ,
       ,Exit Short ,Enter Long ,2018-09-16 14:00:00,6497   ,9.1523   ,-20.1   ,-0        ,-0          ,59022.8 ,0.1      ,3852.2 ,0           ,961
142    ,Entry Long ,Enter Long ,2018-09-16 14:00:00,6497   ,         ,        ,          ,            ,        ,         ,       ,            ,
       ,Exit Long  ,Enter Short,2018-09-18 14:00:00,6282.4 ,9.1551   ,-1964.7 ,-0        ,-0          ,57058.1 ,0        ,321.3  ,0           ,2698.9
143    ,Entry Short,Enter Short,2018-09-18 14:00:00,6282.4 ,         ,        ,          ,            ,        ,         ,       ,            ,
       ,Exit Short ,Enter Long ,2018-09-21 14:00:00,6746   ,9.1489   ,-4241.4 ,-0.1      ,-0.1        ,52816.7 ,0        ,1645   ,0.1         ,4434.5
144    ,Entry Long ,Enter Long ,2018-09-21 14:00:00,6746   ,         ,        ,          ,            ,        ,         ,       ,            ,
       ,Exit Long  ,Enter Short,2018-09-27 02:00:00,6452   ,7.8957   ,-2321.3 ,-0        ,-0          ,50495.3 ,0        ,713.8  ,0.1         ,3375.4
145    ,Entry Short,Enter Short,2018-09-27 02:00:00,6452   ,         ,        ,          ,            ,        ,         ,       ,            ,
       ,Exit Short ,Enter Long ,2018-09-28 14:00:00,6649.6 ,7.9014   ,-1561.3 ,-0        ,-0          ,48934   ,0        ,166.7  ,0.1         ,2719.7
146    ,Entry Long ,Enter Long ,2018-09-28 14:00:00,6649.6 ,         ,        ,          ,            ,        ,         ,       ,            ,
       ,Exit Long  ,Enter Short,2018-10-03 14:00:00,6450   ,7.4353   ,-1484.1 ,-0        ,-0          ,47449.9 ,0        ,307.1  ,0           ,1873.7
147    ,Entry Short,Enter Short,2018-10-03 14:00:00,6450   ,         ,        ,          ,            ,        ,         ,       ,            ,
       ,Exit Short ,Enter Long ,2018-10-08 14:00:00,6586.2 ,7.4364   ,-1012.8 ,-0        ,-0          ,46437.1 ,0        ,297.5  ,0           ,1610.7
148    ,Entry Long ,Enter Long ,2018-10-08 14:00:00,6586.2 ,         ,        ,          ,            ,        ,         ,       ,            ,
       ,Exit Long  ,Enter Short,2018-10-11 14:00:00,6180   ,7.1304   ,-2896.4 ,-0.1      ,-0.1        ,43540.7 ,0        ,728    ,0.1         ,3529.5
149    ,Entry Short,Enter Short,2018-10-11 14:00:00,6180   ,         ,        ,          ,            ,        ,         ,       ,            ,
       ,Exit Short ,Enter Long ,2018-10-17 14:00:00,6438.1 ,7.1351   ,-1841.6 ,-0        ,-0          ,41699.1 ,0        ,570.8  ,0.1         ,4566.5
150    ,Entry Long ,Enter Long ,2018-10-17 14:00:00,6438.1 ,         ,        ,          ,            ,        ,         ,       ,            ,
       ,Exit Long  ,Enter Short,2018-10-29 13:00:00,6332   ,6.5763   ,-697.7  ,-0        ,-0          ,41001.4 ,0        ,327.5  ,0           ,1184.4
151    ,Entry Short,Enter Short,2018-10-29 13:00:00,6332   ,         ,        ,          ,            ,        ,         ,       ,            ,
       ,Exit Short ,Enter Long ,2018-11-05 13:00:00,6402.6 ,6.5668   ,-463.6  ,-0        ,-0          ,40537.8 ,0        ,860.3  ,0           ,916.7
152    ,Entry Long ,Enter Long ,2018-11-05 13:00:00,6402.6 ,         ,        ,          ,            ,        ,         ,       ,            ,
       ,Exit Long  ,Enter Short,2018-11-11 13:00:00,6344.2 ,6.4219   ,-375    ,-0        ,-0          ,40162.7 ,0        ,965.2  ,0           ,594.7
153    ,Entry Short,Enter Short,2018-11-11 13:00:00,6344.2 ,         ,        ,          ,            ,        ,         ,       ,            ,
       ,Exit Short ,Enter Long ,2018-12-19 13:00:00,3812.9 ,6.4233   ,16259.3 ,0.4       ,0.4         ,56422   ,0.5      ,20710  ,0           ,262.1
154    ,Entry Long ,Enter Long ,2018-12-19 13:00:00,3812.9 ,         ,        ,          ,            ,        ,         ,       ,            ,
       ,Exit Long  ,Enter Short,2018-12-28 13:00:00,3638.8 ,14.9227  ,-2598   ,-0        ,-0          ,53824   ,0.1      ,6372   ,0.1         ,3685.9
155    ,Entry Short,Enter Short,2018-12-28 13:00:00,3638.8 ,         ,        ,          ,            ,        ,         ,       ,            ,
       ,Exit Short ,Enter Long ,2019-01-03 01:00:00,3887.8 ,14.9158  ,-3714   ,-0.1      ,-0.1        ,50110   ,0        ,538.5  ,0.2         ,12835
156    ,Entry Long ,Enter Long ,2019-01-03 01:00:00,3887.8 ,         ,        ,          ,            ,        ,         ,       ,            ,
       ,Exit Long  ,Enter Short,2019-01-11 13:00:00,3639.5 ,13.0262  ,-3234.4 ,-0.1      ,-0.1        ,46875.6 ,0.1      ,2945.2 ,0.1         ,4400.3
157    ,Entry Short,Enter Short,2019-01-11 13:00:00,3639.5 ,         ,        ,          ,            ,        ,         ,       ,            ,
       ,Exit Short ,Enter Long ,2019-02-09 13:00:00,3624.9 ,13.0228  ,190.1   ,0         ,0           ,47065.7 ,0.1      ,3939.4 ,0.1         ,4043.6
158    ,Entry Long ,Enter Long ,2019-02-09 13:00:00,3624.9 ,         ,        ,          ,            ,        ,         ,       ,            ,
       ,Exit Long  ,Enter Short,2019-02-27 13:00:00,3812.7 ,13.12    ,2463.9  ,0.1       ,0.1         ,49529.6 ,0.2      ,7418   ,0           ,1217.5
159    ,Entry Short,Enter Short,2019-02-27 13:00:00,3812.7 ,         ,        ,          ,            ,        ,         ,       ,            ,
       ,Exit Short ,Enter Long ,2019-03-07 13:00:00,3850.1 ,13.1204  ,-490.7  ,-0        ,-0          ,49038.9 ,0        ,2100.6 ,0           ,1089
160    ,Entry Long ,Enter Long ,2019-03-07 13:00:00,3850.1 ,         ,        ,          ,            ,        ,         ,       ,            ,
       ,Exit Long  ,Enter Short,2019-03-26 13:00:00,3896.1 ,12.8668  ,591.9   ,0         ,0           ,49630.8 ,0.1      ,2757.4 ,0           ,1155.4
161    ,Entry Short,Enter Short,2019-03-26 13:00:00,3896.1 ,         ,        ,          ,            ,        ,         ,       ,            ,
       ,Exit Short ,Enter Long ,2019-03-28 13:00:00,4002.1 ,12.8653  ,-1363.7 ,-0        ,-0          ,48267.1 ,0        ,171.1  ,0           ,1816.6
162    ,Entry Long ,Enter Long ,2019-03-28 13:00:00,4002.1 ,         ,        ,          ,            ,        ,         ,       ,            ,
       ,Exit Long  ,Enter Short,2019-04-27 02:00:00,5154.5 ,12.1878  ,14045.2 ,0.3       ,0.3         ,62312.3 ,0.4      ,20023.3,0           ,59.7
163    ,Entry Short,Enter Short,2019-04-27 02:00:00,5154.5 ,         ,        ,          ,            ,        ,         ,       ,            ,
       ,Exit Short ,Enter Long ,2019-05-02 14:00:00,5368.2 ,12.1601  ,-2598.6 ,-0        ,-0          ,59713.7 ,0        ,1135.8 ,0           ,2742.1
164    ,Entry Long ,Enter Long ,2019-05-02 14:00:00,5368.2 ,         ,        ,          ,            ,        ,         ,       ,            ,
       ,Exit Long  ,Enter Short,2019-06-05 02:00:00,7668.9 ,11.1963  ,25759.3 ,0.4       ,0.4         ,85473   ,0.7      ,41719.7,0           ,311.3
165    ,Entry Short,Enter Short,2019-06-05 02:00:00,7668.9 ,         ,        ,          ,            ,        ,         ,       ,            ,
       ,Exit Short ,Enter Long ,2019-06-14 02:00:00,8237.6 ,11.163   ,-6348.4 ,-0.1      ,-0.1        ,79124.6 ,0        ,2555.2 ,0.1         ,7546.2
166    ,Entry Long ,Enter Long ,2019-06-14 02:00:00,8237.6 ,         ,        ,          ,            ,        ,         ,       ,            ,
       ,Exit Long  ,Enter Short,2019-07-02 14:00:00,9955.4 ,9.6294   ,16541.4 ,0.2       ,0.2         ,95666   ,0.7      ,54291.5,0           ,602.8
167    ,Entry Short,Enter Short,2019-07-02 14:00:00,9955.4 ,         ,        ,          ,            ,        ,         ,       ,            ,
       ,Exit Short ,Enter Long ,2019-07-05 14:00:00,11208.2,9.6127   ,-12042.8,-0.1      ,-0.1        ,83623.2 ,0        ,1013.2 ,0.2         ,20273.2
168    ,Entry Long ,Enter Long ,2019-07-05 14:00:00,11208.2,         ,        ,          ,            ,        ,         ,       ,            ,
       ,Exit Long  ,Enter Short,2019-07-06 02:00:00,10988.7,7.4746   ,-1640.7 ,-0        ,-0          ,81982.5 ,0        ,2053.3 ,0           ,3051.1
169    ,Entry Short,Enter Short,2019-07-06 02:00:00,10988.7,         ,        ,          ,            ,        ,         ,       ,            ,
       ,Exit Short ,Enter Long ,2019-07-07 02:00:00,11234.2,7.4759   ,-1835.3 ,-0        ,-0          ,80147.2 ,0        ,322.2  ,0.1         ,5530.7
170    ,Entry Long ,Enter Long ,2019-07-07 02:00:00,11234.2,         ,        ,          ,            ,        ,         ,       ,            ,
       ,Exit Long  ,Enter Short,2019-07-14 02:00:00,11381.5,7.1519   ,1053.5  ,0         ,0           ,81200.7 ,0.2      ,14043.5,0           ,3104.6
171    ,Entry Short,Enter Short,2019-07-14 02:00:00,11381.5,         ,        ,          ,            ,        ,         ,       ,            ,
       ,Exit Short ,Enter Long ,2019-08-02 02:00:00,10408.9,7.15     ,6954.1  ,0.1       ,0.1         ,88154.8 ,0.2      ,16319.9,0           ,569.1
172    ,Entry Long ,Enter Long ,2019-08-02 02:00:00,10408.9,         ,        ,          ,            ,        ,         ,       ,            ,
       ,Exit Long  ,Enter Short,2019-08-14 14:00:00,10522.3,8.4795   ,961.6   ,0         ,0           ,89116.3 ,0.2      ,16374.8,0           ,686.8
173    ,Entry Short,Enter Short,2019-08-14 14:00:00,10522.3,         ,        ,          ,            ,        ,         ,       ,            ,
       ,Exit Short ,Enter Long ,2019-09-04 02:00:00,10619.7,8.4786   ,-825.8  ,-0        ,-0          ,88290.5 ,0.1      ,10297.3,0           ,3702.6
174    ,Entry Long ,Enter Long ,2019-09-04 02:00:00,10619.7,         ,        ,          ,            ,        ,         ,       ,            ,
       ,Exit Long  ,Enter Short,2019-09-11 14:00:00,10059.9,8.3319   ,-4664.2 ,-0.1      ,-0.1        ,83626.3 ,0        ,2727   ,0.1         ,6108.9
175    ,Entry Short,Enter Short,2019-09-11 14:00:00,10059.9,         ,        ,          ,            ,        ,         ,       ,            ,
       ,Exit Short ,Enter Long ,2019-09-15 14:00:00,10319.9,8.3281   ,-2165.3 ,-0        ,-0          ,81461   ,0        ,1081.8 ,0           ,3497.8
176    ,Entry Long ,Enter Long ,2019-09-15 14:00:00,10319.9,         ,        ,          ,            ,        ,         ,       ,            ,
       ,Exit Long  ,Enter Short,2019-09-17 14:00:00,10161.4,7.9107   ,-1253.8 ,-0        ,-0          ,80207.2 ,0        ,433.5  ,0           ,2530.6
177    ,Entry Short,Enter Short,2019-09-17 14:00:00,10161.4,         ,        ,          ,            ,        ,         ,       ,            ,
       ,Exit Short ,Enter Long ,2019-10-10 14:00:00,8555.4 ,7.9117   ,12706.2 ,0.2       ,0.2         ,92913.4 ,0.2      ,19829.9,0           ,1689.9
178    ,Entry Long ,Enter Long ,2019-10-10 14:00:00,8555.4 ,         ,        ,          ,            ,        ,         ,       ,            ,
       ,Exit Long  ,Enter Short,2019-10-16 14:00:00,8048   ,10.8642  ,-5512.5 ,-0.1      ,-0.1        ,87400.9 ,0        ,4096.9 ,0.1         ,5925.3
179    ,Entry Short,Enter Short,2019-10-16 14:00:00,8048   ,         ,        ,          ,            ,        ,         ,       ,            ,
       ,Exit Short ,Enter Long ,2019-10-23 02:00:00,8020.6 ,10.8743  ,298     ,0         ,0           ,87698.8 ,0        ,2468.5 ,0           ,3689.7
180    ,Entry Long ,Enter Long ,2019-10-23 02:00:00,8020.6 ,         ,        ,          ,            ,        ,         ,       ,            ,
       ,Exit Long  ,Enter Short,2019-10-24 02:00:00,7473.9 ,10.9482  ,-5985.4 ,-0.1      ,-0.1        ,81713.4 ,0        ,325.2  ,0.1         ,7867.4
181    ,Entry Short,Enter Short,2019-10-24 02:00:00,7473.9 ,         ,        ,          ,            ,        ,         ,       ,            ,
       ,Exit Short ,Enter Long ,2019-10-27 02:00:00,9261.7 ,10.9562  ,-19587.5,-0.2      ,-0.2        ,62126   ,0        ,1247.9 ,0.4         ,34036.5
182    ,Entry Long ,Enter Long ,2019-10-27 02:00:00,9261.7 ,         ,        ,          ,            ,        ,         ,       ,            ,
       ,Exit Long  ,Enter Short,2019-11-09 01:00:00,8765.9 ,6.7542   ,-3348.7 ,-0.1      ,-0.1        ,58777.2 ,0.1      ,4557.7 ,0.1         ,3962.7
183    ,Entry Short,Enter Short,2019-11-09 01:00:00,8765.9 ,         ,        ,          ,            ,        ,         ,       ,            ,
       ,Exit Short ,Enter Long ,2019-11-30 13:00:00,7666   ,6.751    ,7425.4  ,0.1       ,0.1         ,66202.6 ,0.3      ,15128.3,0           ,2576.9
184    ,Entry Long ,Enter Long ,2019-11-30 13:00:00,7666   ,         ,        ,          ,            ,        ,         ,       ,            ,
       ,Exit Long  ,Enter Short,2019-12-03 01:00:00,7304   ,8.676    ,-3140.7 ,-0        ,-0          ,63061.9 ,0        ,465.9  ,0.1         ,4389.2
185    ,Entry Short,Enter Short,2019-12-03 01:00:00,7304   ,         ,        ,          ,            ,        ,         ,       ,            ,
       ,Exit Short ,Enter Long ,2019-12-07 13:00:00,7543.9 ,8.683    ,-2083.1 ,-0        ,-0          ,60978.9 ,0        ,2047.5 ,0.1         ,4312
186    ,Entry Long ,Enter Long ,2019-12-07 13:00:00,7543.9 ,         ,        ,          ,            ,        ,         ,       ,            ,
       ,Exit Long  ,Enter Short,2019-12-11 13:00:00,7226   ,8.1473   ,-2590   ,-0        ,-0          ,58388.9 ,0        ,994.8  ,0.1         ,3127.7
187    ,Entry Short,Enter Short,2019-12-11 13:00:00,7226   ,         ,        ,          ,            ,        ,         ,       ,            ,
       ,Exit Short ,Enter Long ,2019-12-22 01:00:00,7143.5 ,8.1366   ,671.3   ,0         ,0           ,59060.1 ,0.1      ,6475.1 ,0           ,2133.4
188    ,Entry Long ,Enter Long ,2019-12-22 01:00:00,7143.5 ,         ,        ,          ,            ,        ,         ,       ,            ,
       ,Exit Long  ,Enter Short,2020-01-02 01:00:00,7174.4 ,8.3235   ,257.2   ,0         ,0           ,59317.3 ,0.1      ,4553   ,0           ,1737.1
189    ,Entry Short,Enter Short,2020-01-02 01:00:00,7174.4 ,         ,        ,          ,            ,        ,         ,       ,            ,
       ,Exit Short ,Enter Long ,2020-01-05 01:00:00,7350.2 ,8.3232   ,-1463.2 ,-0        ,-0          ,57854.1 ,0        ,2616.8 ,0           ,1855.2
190    ,Entry Long ,Enter Long ,2020-01-05 01:00:00,7350.2 ,         ,        ,          ,            ,        ,         ,       ,            ,
       ,Exit Long  ,Enter Short,2020-01-24 01:00:00,8390.1 ,7.927    ,8243.3  ,0.1       ,0.1         ,66097.4 ,0.2      ,14544.5,0           ,389.2
191    ,Entry Short,Enter Short,2020-01-24 01:00:00,8390.1 ,         ,        ,          ,            ,        ,         ,       ,            ,
       ,Exit Short ,Enter Long ,2020-01-28 13:00:00,9065.7 ,7.9172   ,-5348.9 ,-0.1      ,-0.1        ,60748.5 ,0        ,1384.7 ,0.1         ,6001.2
192    ,Entry Long ,Enter Long ,2020-01-28 13:00:00,9065.7 ,         ,        ,          ,            ,        ,         ,       ,            ,
       ,Exit Long  ,Enter Short,2020-02-18 01:00:00,9702.2 ,6.7464   ,4294.1  ,0.1       ,0.1         ,65042.6 ,0.2      ,9788.4 ,0           ,1294
193    ,Entry Short,Enter Short,2020-02-18 01:00:00,9702.2 ,         ,        ,          ,            ,        ,         ,       ,            ,
       ,Exit Short ,Enter Long ,2020-03-07 01:00:00,9154.8 ,6.7389   ,3688.9  ,0.1       ,0.1         ,68731.5 ,0.1      ,8741.7 ,0.1         ,4028.5
194    ,Entry Long ,Enter Long ,2020-03-07 01:00:00,9154.8 ,         ,        ,          ,            ,        ,         ,       ,            ,
       ,Exit Long  ,Enter Short,2020-03-09 01:00:00,8039.8 ,7.5406   ,-8407.8 ,-0.1      ,-0.1        ,60323.7 ,0        ,438.9  ,0.1         ,8684.5
195    ,Entry Short,Enter Short,2020-03-09 01:00:00,8039.8 ,         ,        ,          ,            ,        ,         ,       ,            ,
       ,Exit Short ,Enter Long ,2020-03-22 01:00:00,6196.3 ,7.5512   ,13920.6 ,0.2       ,0.2         ,74244.4 ,0.5      ,31161.5,0           ,1096.4
196    ,Entry Long ,Enter Long ,2020-03-22 01:00:00,6196.3 ,         ,        ,          ,            ,        ,         ,       ,            ,
       ,Exit Long  ,Enter Short,2020-03-30 14:00:00,6373.5 ,12.0219  ,2130.3  ,0         ,0           ,76374.6 ,0.1      ,9481.7 ,0.1         ,6109.5
197    ,Entry Short,Enter Short,2020-03-30 14:00:00,6373.5 ,         ,        ,          ,            ,        ,         ,       ,            ,
       ,Exit Short ,Enter Long ,2020-04-01 14:00:00,6297.8 ,12.0186  ,909.8   ,0         ,0           ,77284.4 ,0        ,1423   ,0           ,3203
198    ,Entry Long ,Enter Long ,2020-04-01 14:00:00,6297.8 ,         ,        ,          ,            ,        ,         ,       ,            ,
       ,Exit Long  ,Enter Short,2020-04-13 02:00:00,6903.7 ,12.3072  ,7456.9  ,0.1       ,0.1         ,84741.4 ,0.2      ,14486.8,0           ,1727.9
199    ,Entry Short,Enter Short,2020-04-13 02:00:00,6903.7 ,         ,        ,          ,            ,        ,         ,       ,            ,
       ,Exit Short ,Enter Long ,2020-04-18 02:00:00,7034.5 ,12.2954  ,-1608.2 ,-0        ,-0          ,83133.1 ,0.1      ,5226.8 ,0           ,3793.1
200    ,Entry Long ,Enter Long ,2020-04-18 02:00:00,7034.5 ,         ,        ,          ,            ,        ,         ,       ,            ,
       ,Exit Long  ,Enter Short,2020-04-22 14:00:00,6967.7 ,11.8418  ,-791    ,-0        ,-0          ,82342.1 ,0        ,3144   ,0           ,3248.2
201    ,Entry Short,Enter Short,2020-04-22 14:00:00,6967.7 ,         ,        ,          ,            ,        ,         ,       ,            ,
       ,Exit Short ,Enter Long ,2020-04-24 02:00:00,7489.8 ,11.8416  ,-6182.5 ,-0.1      ,-0.1        ,76159.6 ,0        ,312.6  ,0.1         ,9737.3
202    ,Entry Long ,Enter Long ,2020-04-24 02:00:00,7489.8 ,         ,        ,          ,            ,        ,         ,       ,            ,
       ,Exit Long  ,Enter Short,2020-05-12 02:00:00,8570.8 ,10.2129  ,11040.1 ,0.1       ,0.1         ,87199.8 ,0.3      ,26455.5,0           ,1223.5
203    ,Entry Short,Enter Short,2020-05-12 02:00:00,8570.8 ,         ,        ,          ,            ,        ,         ,       ,            ,
       ,Exit Short ,Enter Long ,2020-05-15 02:00:00,9788.5 ,10.1878  ,-12405.7,-0.1      ,-0.1        ,74794.1 ,0        ,397.3  ,0.2         ,14020.5
204    ,Entry Long ,Enter Long ,2020-05-15 02:00:00,9788.5 ,         ,        ,          ,            ,        ,         ,       ,            ,
       ,Exit Long  ,Enter Short,2020-05-22 14:00:00,9169.8 ,7.6657   ,-4742.8 ,-0.1      ,-0.1        ,70051.3 ,0        ,1225   ,0.1         ,7577.5
205    ,Entry Short,Enter Short,2020-05-22 14:00:00,9169.8 ,         ,        ,          ,            ,        ,         ,       ,            ,
       ,Exit Short ,Enter Long ,2020-05-29 14:00:00,9399.7 ,7.6709   ,-1763.5 ,-0        ,-0          ,68287.8 ,0.1      ,4033.4 ,0           ,3491.8
206    ,Entry Long ,Enter Long ,2020-05-29 14:00:00,9399.7 ,         ,        ,          ,            ,        ,         ,       ,            ,
       ,Exit Long  ,Enter Short,2020-06-12 14:00:00,9499.2 ,7.3013   ,726.5   ,0         ,0           ,69014.2 ,0.1      ,7084.5 ,0           ,2257.6
207    ,Entry Short,Enter Short,2020-06-12 14:00:00,9499.2 ,         ,        ,          ,            ,        ,         ,       ,            ,
       ,Exit Short ,Enter Long ,2020-06-23 14:00:00,9631.8 ,7.2968   ,-967.6  ,-0        ,-0          ,68046.7 ,0.1      ,4335.8 ,0           ,2048.9
208    ,Entry Long ,Enter Long ,2020-06-23 14:00:00,9631.8 ,         ,        ,          ,            ,        ,         ,       ,            ,
       ,Exit Long  ,Enter Short,2020-06-26 02:00:00,9238   ,7.0911   ,-2792.5 ,-0        ,-0          ,65254.2 ,0        ,458.1  ,0.1         ,4534
209    ,Entry Short,Enter Short,2020-06-26 02:00:00,9238   ,         ,        ,          ,            ,        ,         ,       ,            ,
       ,Exit Short ,Enter Long ,2020-07-07 14:00:00,9275.1 ,7.1002   ,-263.4  ,-0        ,-0          ,64990.8 ,0        ,3019   ,0           ,994
210    ,Entry Long ,Enter Long ,2020-07-07 14:00:00,9275.1 ,         ,        ,          ,            ,        ,         ,       ,            ,
       ,Exit Long  ,Enter Short,2020-07-16 02:00:00,9194.9 ,7.0438   ,-564.9  ,-0        ,-0          ,64425.9 ,0        ,1443.3 ,0           ,1268.6
211    ,Entry Short,Enter Short,2020-07-16 02:00:00,9194.9 ,         ,        ,          ,            ,        ,         ,       ,            ,
       ,Exit Short ,Enter Long ,2020-07-22 02:00:00,9393.9 ,7.0442   ,-1401.8 ,-0        ,-0          ,63024.1 ,0        ,1220.1 ,0           ,1698.4
212    ,Entry Long ,Enter Long ,2020-07-22 02:00:00,9393.9 ,         ,        ,          ,            ,        ,         ,       ,            ,
       ,Exit Long  ,Enter Short,2020-08-22 14:00:00,11562  ,6.7474   ,14629   ,0.2       ,0.2         ,77653.1 ,0.3      ,20827.2,0           ,756.4
213    ,Entry Short,Enter Short,2020-08-22 14:00:00,11562  ,         ,        ,          ,            ,        ,         ,       ,            ,
       ,Exit Short ,Enter Long ,2020-09-01 02:00:00,11657.2,6.7347   ,-641.1  ,-0        ,-0          ,77012   ,0        ,2976.7 ,0           ,1750.3
214    ,Entry Long ,Enter Long ,2020-09-01 02:00:00,11657.2,         ,        ,          ,            ,        ,         ,       ,            ,
       ,Exit Long  ,Enter Short,2020-09-04 02:00:00,10180  ,6.6255   ,-9787.2 ,-0.1      ,-0.1        ,67224.8 ,0        ,2725.7 ,0.1         ,10814.1
215    ,Entry Short,Enter Short,2020-09-04 02:00:00,10180  ,         ,        ,          ,            ,        ,         ,       ,            ,
       ,Exit Short ,Enter Long ,2020-09-15 14:00:00,10837  ,6.6348   ,-4359.1 ,-0.1      ,-0.1        ,62865.7 ,0        ,2189.5 ,0.1         ,4605.9
216    ,Entry Long ,Enter Long ,2020-09-15 14:00:00,10837  ,         ,        ,          ,            ,        ,         ,       ,            ,
       ,Exit Long  ,Enter Short,2020-09-23 02:00:00,10531.2,5.8302   ,-1782.9 ,-0        ,-0          ,61082.8 ,0        ,1989.3 ,0           ,3130.8
217    ,Entry Short,Enter Short,2020-09-23 02:00:00,10531.2,         ,        ,          ,            ,        ,         ,       ,            ,
       ,Exit Short ,Enter Long ,2020-09-28 02:00:00,10778.4,5.8361   ,-1442.7 ,-0        ,-0          ,59640.2 ,0        ,2314.6 ,0           ,1773
218    ,Entry Long ,Enter Long ,2020-09-28 02:00:00,10778.4,         ,        ,          ,            ,        ,         ,       ,            ,
       ,Exit Long  ,Enter Short,2020-10-03 02:00:00,10574.8,5.5722   ,-1134.5 ,-0        ,-0          ,58505.7 ,0        ,928.3  ,0           ,2196
219    ,Entry Short,Enter Short,2020-10-03 02:00:00,10574.8,         ,        ,          ,            ,        ,         ,       ,            ,
       ,Exit Short ,Enter Long ,2020-10-07 02:00:00,10605  ,5.5708   ,-168.2  ,-0        ,-0          ,58337.4 ,0        ,393.9  ,0           ,1274.6
220    ,Entry Long ,Enter Long ,2020-10-07 02:00:00,10605  ,         ,        ,          ,            ,        ,         ,       ,            ,
       ,Exit Long  ,Enter Short,2020-10-07 14:00:00,10609.1,5.5388   ,22.7    ,0         ,0           ,58360.1 ,0        ,150.7  ,0           ,290.2
221    ,Entry Short,Enter Short,2020-10-07 14:00:00,10609.1,         ,        ,          ,            ,        ,         ,       ,            ,
       ,Exit Short ,Enter Long ,2020-10-09 02:00:00,10931.9,5.5392   ,-1788.1 ,-0        ,-0          ,56572.1 ,0        ,382.8  ,0           ,1996.9
222    ,Entry Long ,Enter Long ,2020-10-09 02:00:00,10931.9,         ,        ,          ,            ,        ,         ,       ,            ,
       ,Exit Long  ,Enter Short,2020-11-28 01:00:00,17146  ,5.2116   ,32385.4 ,0.6       ,0.6         ,88957.5 ,0.8      ,44702  ,0           ,468.5
223    ,Entry Short,Enter Short,2020-11-28 01:00:00,17146  ,         ,        ,          ,            ,        ,         ,       ,            ,
       ,Exit Short ,Enter Long ,2020-12-01 01:00:00,19706.5,5.194    ,-13299.2,-0.1      ,-0.1        ,75658.3 ,0        ,2524.3 ,0.2         ,14044.6
224    ,Entry Long ,Enter Long ,2020-12-01 01:00:00,19706.5,         ,        ,          ,            ,        ,         ,       ,            ,
       ,Exit Long  ,Enter Short,2020-12-10 01:00:00,18548.4,3.8503   ,-4459   ,-0.1      ,-0.1        ,71199.2 ,0        ,927.9  ,0.1         ,7918.5
225    ,Entry Short,Enter Short,2020-12-10 01:00:00,18548.4,         ,        ,          ,            ,        ,         ,       ,            ,
       ,Exit Short ,Enter Long ,2020-12-14 13:00:00,19100.8,3.8535   ,-2128.7 ,-0        ,-0          ,69070.5 ,0.1      ,3762.6 ,0           ,3358.7
226    ,Entry Long ,Enter Long ,2020-12-14 13:00:00,19100.8,         ,        ,          ,            ,        ,         ,       ,            ,
       ,Exit Long  ,Open       ,                   ,       ,         ,        ,          ,            ,        ,         ,       ,            ,