Trade #,Type       ,Signal     ,Date/Time          ,Price  ,Contracts     ,Profit      ,ProfitPerc,ProfitEqPerc,ProfitEq    ,RunUpPerc,RunUp       ,DrawdownPerc,Drawdown
1      ,Entry Long ,Enter Long ,2015-09-01 14:00:00,0.00583,              ,            ,          ,            ,            ,         ,            ,            ,
       ,Exit Long  ,Enter Short,2015-09-07 14:00:00,0.00543,167441.8604   ,-66.97675   ,-0.06861  ,-0.06698    ,-66.97675   ,0.0446   ,43.53489    ,0.12521     ,122.23256
2      ,Entry Short,Enter Short,2015-09-07 14:00:00,0.00543,              ,            ,          ,            ,            ,         ,            ,            ,
       ,Exit Short ,Enter Long ,2015-10-26 13:00:00,0.00216,170209.4228   ,556.58484   ,0.60221   ,0.59654     ,489.60806   ,0.71823  ,663.8168    ,0.00021     ,0.1939
3      ,Entry Long ,Enter Long ,2015-10-26 13:00:00,0.00216,              ,            ,          ,            ,            ,         ,            ,            ,
       ,Exit Long  ,Enter Short,2015-11-05 01:00:00,0.00223,656941.7477   ,45.98592    ,0.03241   ,0.03087     ,535.594     ,0.90741  ,1287.6058   ,0.25926     ,367.8874
4      ,Entry Short,Enter Short,2015-11-05 01:00:00,0.00223,              ,            ,          ,            ,            ,         ,            ,            ,
       ,Exit Short ,Enter Long ,2015-11-11 01:00:00,0.0027 ,684980.1294   ,-321.94067  ,-0.21076  ,-0.20965    ,213.65334   ,0.06726  ,102.74702   ,0.34529     ,527.4347
5      ,Entry Long ,Enter Long ,2015-11-11 01:00:00,0.0027 ,              ,            ,          ,            ,            ,         ,            ,            ,
       ,Exit Long  ,Enter Short,2015-11-26 01:00:00,0.00273,422584.2571   ,12.67753    ,0.01111   ,0.01045     ,226.33086   ,0.14815  ,169.0337    ,0.14815     ,169.0337
6      ,Entry Short,Enter Short,2015-11-26 01:00:00,0.00273,              ,            ,          ,            ,            ,         ,            ,            ,
       ,Exit Short ,Enter Long ,2015-12-14 13:00:00,0.0022 ,445356.1921   ,236.03879   ,0.19414   ,0.19248     ,462.36963   ,0.35165  ,427.54193   ,0.00116     ,1.41591
7      ,Entry Long ,Enter Long ,2015-12-14 13:00:00,0.0022 ,              ,            ,          ,            ,            ,         ,            ,            ,
       ,Exit Long  ,Enter Short,2015-12-19 01:00:00,0.00203,651857.4735   ,-110.81577  ,-0.07727  ,-0.07578    ,351.55386   ,0.05     ,71.70432    ,0.11818     ,169.48294
8      ,Entry Short,Enter Short,2015-12-19 01:00:00,0.00203,              ,            ,          ,            ,            ,         ,            ,            ,
       ,Exit Short ,Enter Long ,2015-12-30 01:00:00,0.002  ,659409.4343   ,19.78228    ,0.01478   ,0.01464     ,371.33615   ,0.07882  ,105.50551   ,0.05911     ,79.12914
9      ,Entry Long ,Enter Long ,2015-12-30 01:00:00,0.002  ,              ,            ,          ,            ,            ,         ,            ,            ,
       ,Exit Long  ,Enter Short,2016-02-18 13:00:00,0.00994,682148.8055   ,5416.2617   ,3.97      ,3.94962     ,5787.5977   ,7.575    ,10334.555   ,0.00112     ,1.52679
10     ,Entry Short,Enter Short,2016-02-18 13:00:00,0.00994,              ,            ,          ,            ,            ,         ,            ,            ,
       ,Exit Short ,Enter Long ,2016-02-24 01:00:00,0.0129 ,676048.0989   ,-2001.1024  ,-0.29779  ,-0.29482    ,3786.4954   ,0.06137  ,412.38934   ,0.39336     ,2643.3481
11     ,Entry Long ,Enter Long ,2016-02-24 01:00:00,0.0129 ,              ,            ,          ,            ,            ,         ,            ,            ,
       ,Exit Long  ,Enter Short,2016-03-19 01:00:00,0.025  ,329028.2173   ,3981.2415   ,0.93798   ,0.83177     ,7767.737    ,1.8686   ,7931.225    ,0.00006     ,0.25474
12     ,Entry Short,Enter Short,2016-03-19 01:00:00,0.025  ,              ,            ,          ,            ,            ,         ,            ,            ,
       ,Exit Short ,Enter Long ,2016-03-25 01:00:00,0.02739,348132.4171   ,-832.0365   ,-0.0956   ,-0.0949     ,6935.7000   ,0.07912  ,688.6059    ,0.2004      ,1744.1434
13     ,Entry Long ,Enter Long ,2016-03-25 01:00:00,0.02739,              ,            ,          ,            ,            ,         ,            ,            ,
       ,Exit Long  ,Enter Short,2016-03-25 13:00:00,0.02693,304348.9044   ,-140.0005   ,-0.01679  ,-0.01764    ,6795.6997   ,0.00237  ,19.78268    ,0.07558     ,630.00226
14     ,Entry Short,Enter Short,2016-03-25 13:00:00,0.02693,              ,            ,          ,            ,            ,         ,            ,            ,
       ,Exit Short ,Enter Long ,2016-03-30 14:00:00,0.02788,286329.6564   ,-272.01318  ,-0.03528  ,-0.03489    ,6523.6865   ,0.12737  ,982.1107    ,0.07675     ,591.8434
15     ,Entry Long ,Enter Long ,2016-03-30 14:00:00,0.02788,              ,            ,          ,            ,            ,         ,            ,            ,
       ,Exit Long  ,Enter Short,2016-04-05 14:00:00,0.02652,259660.8938   ,-353.13882  ,-0.04878  ,-0.04694    ,6170.548    ,0.05771  ,417.79437   ,0.09527     ,689.65936
16     ,Entry Short,Enter Short,2016-04-05 14:00:00,0.02652,              ,            ,          ,            ,            ,         ,            ,            ,
       ,Exit Short ,Enter Long ,2016-04-20 02:00:00,0.02092,267884.7632   ,1500.1547   ,0.21116   ,0.20921     ,7670.7026   ,0.37519  ,2665.4534   ,0           ,0
17     ,Entry Long ,Enter Long ,2016-04-20 02:00:00,0.02092,              ,            ,          ,            ,            ,         ,            ,            ,
       ,Exit Long  ,Enter Short,2016-04-21 14:00:00,0.01967,416837.1662   ,-521.04645  ,-0.05975  ,-0.06009    ,7149.656    ,0.00023  ,2.03785     ,0.10593     ,923.7112
18     ,Entry Short,Enter Short,2016-04-21 14:00:00,0.01967,              ,            ,          ,            ,            ,         ,            ,            ,
       ,Exit Short ,Enter Long ,2016-05-02 02:00:00,0.01895,410130.8425   ,295.29422   ,0.0366    ,0.03623     ,7444.95     ,0.23183  ,1870.1967   ,0.05796     ,467.54916
19     ,Entry Long ,Enter Long ,2016-05-02 02:00:00,0.01895,              ,            ,          ,            ,            ,         ,            ,            ,
       ,Exit Long  ,Enter Short,2016-05-27 02:00:00,0.02755,427096.7653   ,3673.0322   ,0.45383   ,0.43494     ,11117.982   ,0.7942   ,6427.806    ,0           ,0
20     ,Entry Short,Enter Short,2016-05-27 02:00:00,0.02755,              ,            ,          ,            ,            ,         ,            ,            ,
       ,Exit Short ,Enter Long ,2016-06-10 02:00:00,0.02501,435614.1475   ,1106.46     ,0.0922    ,0.09131     ,12224.442   ,0.25107  ,3013.143    ,0.01368     ,164.22653
21     ,Entry Long ,Enter Long ,2016-06-10 02:00:00,0.02501,              ,            ,          ,            ,            ,         ,            ,            ,
       ,Exit Long  ,Enter Short,2016-06-12 02:00:00,0.02393,520320.5461   ,-561.94617  ,-0.04318  ,-0.04249    ,11662.496   ,0.01008  ,131.12077   ,0.07037     ,915.76416
22     ,Entry Short,Enter Short,2016-06-12 02:00:00,0.02393,              ,            ,          ,            ,            ,         ,            ,            ,
       ,Exit Short ,Enter Long ,2016-06-15 02:00:00,0.02599,523968.3179   ,-1079.3748  ,-0.08608  ,-0.08524    ,10583.121   ,0.07668  ,961.4819    ,0.17125     ,2147.2222
23     ,Entry Long ,Enter Long ,2016-06-15 02:00:00,0.02599,              ,            ,          ,            ,            ,         ,            ,            ,
       ,Exit Long  ,Enter Short,2016-06-18 14:00:00,0.02112,409314.4913   ,-1993.3616  ,-0.18738  ,-0.17209    ,8589.76     ,0.07734  ,822.7221    ,0.36899     ,3925.326
24     ,Entry Short,Enter Short,2016-06-18 14:00:00,0.02112,              ,            ,          ,            ,            ,         ,            ,            ,
       ,Exit Short ,Enter Long ,2016-06-25 14:00:00,0.02127,454951.5827   ,-68.24274   ,-0.0071   ,-0.00712    ,8521.517    ,0.39347  ,3780.6477   ,0.13636     ,1310.2605
25     ,Entry Long ,Enter Long ,2016-06-25 14:00:00,0.02127,              ,            ,          ,            ,            ,         ,            ,            ,
       ,Exit Long  ,Enter Short,2016-06-30 02:00:00,0.0195 ,446970.6365   ,-791.138    ,-0.08322  ,-0.08309    ,7730.379    ,0.09017  ,857.2897    ,0.17457     ,1659.6019
26     ,Entry Short,Enter Short,2016-06-30 02:00:00,0.0195 ,              ,            ,          ,            ,            ,         ,            ,            ,
       ,Exit Short ,Enter Long ,2016-07-16 02:00:00,0.01772,443239.0283   ,788.96545   ,0.09128   ,0.09037     ,8519.345    ,0.27621  ,2387.2854   ,0.02585     ,223.39247
27     ,Entry Long ,Enter Long ,2016-07-16 02:00:00,0.01772,              ,            ,          ,            ,            ,         ,            ,            ,
       ,Exit Long  ,Enter Short,2016-07-31 02:00:00,0.01926,509585.6088   ,784.76184   ,0.08691   ,0.08244     ,9304.106    ,0.29233  ,2639.6536   ,0.08747     ,789.85767
28     ,Entry Short,Enter Short,2016-07-31 02:00:00,0.01926,              ,            ,          ,            ,            ,         ,            ,            ,
       ,Exit Short ,Enter Long ,2016-08-09 02:00:00,0.01867,529797.8253   ,312.58072   ,0.03063   ,0.03034     ,9616.6875   ,0.28868  ,2945.676    ,0.02544     ,259.60092
29     ,Entry Long ,Enter Long ,2016-08-09 02:00:00,0.01867,              ,            ,          ,            ,            ,         ,            ,            ,
       ,Exit Long  ,Enter Short,2016-08-17 14:00:00,0.01935,554353.0324   ,376.96005   ,0.03642   ,0.03551     ,9993.647    ,0.14617  ,1512.8295   ,0.00008     ,0.7971
30     ,Entry Short,Enter Short,2016-08-17 14:00:00,0.01935,              ,            ,          ,            ,            ,         ,            ,            ,
       ,Exit Short ,Enter Long ,2016-08-26 14:00:00,0.0195 ,562551.0634   ,-84.38266   ,-0.00775  ,-0.00768    ,9909.265    ,0.03953  ,430.35156   ,0.02594     ,282.40063
31     ,Entry Long ,Enter Long ,2016-08-26 14:00:00,0.0195 ,              ,            ,          ,            ,            ,         ,            ,            ,
       ,Exit Long  ,Enter Short,2016-08-31 02:00:00,0.01928,546765.8703   ,-120.28849  ,-0.01128  ,-0.01103    ,9788.976    ,0.01282  ,136.69147   ,0.04482     ,477.87338
32     ,Entry Short,Enter Short,2016-08-31 02:00:00,0.01928,              ,            ,          ,            ,            ,         ,            ,            ,
       ,Exit Short ,Enter Long ,2016-08-31 14:00:00,0.01941,553937.9336   ,-72.01193   ,-0.00674  ,-0.00667    ,9716.964    ,0.00025  ,2.61704     ,0.02023     ,216.0358
33     ,Entry Long ,Enter Long ,2016-08-31 14:00:00,0.01941,              ,            ,          ,            ,            ,         ,            ,            ,
       ,Exit Long  ,Enter Short,2016-09-06 14:00:00,0.01927,539580.271    ,-75.54124   ,-0.00721  ,-0.00705    ,9641.423    ,0.1374   ,1439.0605   ,0.03004     ,314.5753
34     ,Entry Short,Enter Short,2016-09-06 14:00:00,0.01927,              ,            ,          ,            ,            ,         ,            ,            ,
       ,Exit Short ,Enter Long ,2016-09-14 02:00:00,0.01954,546814.4592   ,-147.63991  ,-0.01401  ,-0.01387    ,9493.783    ,0.07571  ,797.8023    ,0.03477     ,366.3657
35     ,Entry Long ,Enter Long ,2016-09-14 02:00:00,0.01954,              ,            ,          ,            ,            ,         ,            ,            ,
       ,Exit Long  ,Enter Short,2016-10-02 14:00:00,0.02152,528481.4537   ,1046.3933   ,0.10133   ,0.09972     ,10540.176   ,0.23291  ,2405.1191   ,0.01228     ,126.83555
36     ,Entry Short,Enter Short,2016-10-02 14:00:00,0.02152,              ,            ,          ,            ,            ,         ,            ,            ,
       ,Exit Short ,Enter Long ,2016-10-04 14:00:00,0.02184,530900.5808   ,-169.88818  ,-0.01487  ,-0.01472    ,10370.288   ,0.00474  ,54.15186    ,0.02742     ,313.23135
37     ,Entry Long ,Enter Long ,2016-10-04 14:00:00,0.02184,              ,            ,          ,            ,            ,         ,            ,            ,
       ,Exit Long  ,Enter Short,2016-10-06 14:00:00,0.02132,508486.7745   ,-264.41312  ,-0.02381  ,-0.02325    ,10105.875   ,0.00957  ,106.27374   ,0.06337     ,703.74567
38     ,Entry Short,Enter Short,2016-10-06 14:00:00,0.02132,              ,            ,          ,            ,            ,         ,            ,            ,
       ,Exit Short ,Enter Long ,2016-10-20 02:00:00,0.0194 ,515881.9805   ,990.4934    ,0.09006   ,0.08919     ,11096.368   ,0.15558  ,1711.1805   ,0.00141     ,15.47646
39     ,Entry Long ,Enter Long ,2016-10-20 02:00:00,0.0194 ,              ,            ,          ,            ,            ,         ,            ,            ,
       ,Exit Long  ,Enter Short,2016-10-23 14:00:00,0.01861,623118.8314   ,-492.2639   ,-0.04072  ,-0.0407     ,10604.1045  ,0.0051   ,61.68876    ,0.07        ,846.1954
40     ,Entry Short,Enter Short,2016-10-23 14:00:00,0.01861,              ,            ,          ,            ,            ,         ,            ,            ,
       ,Exit Short ,Enter Long ,2016-12-10 13:00:00,0.01084,617311.5157   ,4796.5103   ,0.41752   ,0.41335     ,15400.615   ,0.58087  ,6673.1377   ,0.0002      ,2.2679
41     ,Entry Long ,Enter Long ,2016-12-10 13:00:00,0.01084,              ,            ,          ,            ,            ,         ,            ,            ,
       ,Exit Long  ,Enter Short,2016-12-16 13:00:00,0.01017,1500569.4313  ,-1005.38153 ,-0.06181  ,-0.0613     ,14395.233   ,0.02168  ,352.63382   ,0.08967     ,1458.5535
42     ,Entry Short,Enter Short,2016-12-16 13:00:00,0.01017,              ,            ,          ,            ,            ,         ,            ,            ,
       ,Exit Short ,Enter Long ,2017-01-02 01:00:00,0.00838,1498800.7153  ,2682.8533   ,0.17601   ,0.17427     ,17078.086   ,0.29076  ,4431.9536   ,0.00035     ,5.3268
43     ,Entry Long ,Enter Long ,2017-01-02 01:00:00,0.00838,              ,            ,          ,            ,            ,         ,            ,            ,
       ,Exit Long  ,Enter Short,2017-01-02 13:00:00,0.00821,2169173.3231  ,-368.75946  ,-0.02029  ,-0.0204     ,16709.328   ,0.00014  ,2.49867     ,0.06181     ,1123.6318
44     ,Entry Short,Enter Short,2017-01-02 13:00:00,0.00821,              ,            ,          ,            ,            ,         ,            ,            ,
       ,Exit Short ,Enter Long ,2017-01-04 01:00:00,0.00856,2135218.7765  ,-747.3266   ,-0.04263  ,-0.0422     ,15962.001   ,0.04373  ,766.5435    ,0.18685     ,3275.4255
45     ,Entry Long ,Enter Long ,2017-01-04 01:00:00,0.00856,              ,            ,          ,            ,            ,         ,            ,            ,
       ,Exit Long  ,Enter Short,2017-01-20 01:00:00,0.01152,1793845.7232  ,5309.783    ,0.34579   ,0.31304     ,21271.783   ,0.51869  ,7964.675    ,0           ,0
46     ,Entry Short,Enter Short,2017-01-20 01:00:00,0.01152,              ,            ,          ,            ,            ,         ,            ,            ,
       ,Exit Short ,Enter Long ,2017-01-21 01:00:00,0.01174,1913789.9286  ,-421.03378  ,-0.0191   ,-0.0189     ,20850.75    ,0.0003   ,6.70124     ,0.05425     ,1196.1187
47     ,Entry Long ,Enter Long ,2017-01-21 01:00:00,0.01174,              ,            ,          ,            ,            ,         ,            ,            ,
       ,Exit Long  ,Enter Short,2017-01-27 13:00:00,0.01154,1810732.4381  ,-362.14648  ,-0.01704  ,-0.01657    ,20488.604   ,0.02419  ,514.248     ,0.03475     ,738.7788
48     ,Entry Short,Enter Short,2017-01-27 13:00:00,0.01154,              ,            ,          ,            ,            ,         ,            ,            ,
       ,Exit Short ,Enter Long ,2017-02-11 13:00:00,0.01125,1843890.6536  ,534.7283    ,0.02513   ,0.02488     ,21023.332   ,0.09532  ,2028.2797   ,0.01716     ,365.09036
49     ,Entry Long ,Enter Long ,2017-02-11 13:00:00,0.01125,              ,            ,          ,            ,            ,         ,            ,            ,
       ,Exit Long  ,Enter Short,2017-02-22 01:00:00,0.01156,1914450.275   ,593.4796    ,0.02756   ,0.02695     ,21616.812   ,0.19111  ,4116.068    ,0.00809     ,174.21498
50     ,Entry Short,Enter Short,2017-02-22 01:00:00,0.01156,              ,            ,          ,            ,            ,         ,            ,            ,
       ,Exit Short ,Enter Long ,2017-02-28 01:00:00,0.01236,1937385.5465  ,-1549.9084  ,-0.0692   ,-0.06853    ,20066.902   ,0.07638  ,1710.7114   ,0.14524     ,3252.8704
51     ,Entry Long ,Enter Long ,2017-02-28 01:00:00,0.01236,              ,            ,          ,            ,            ,         ,            ,            ,
       ,Exit Long  ,Enter Short,2017-04-03 02:00:00,0.0452 ,1602587.039   ,52628.957   ,2.65696   ,2.49818     ,72695.86    ,3.73301  ,73943.37    ,0.0002      ,4.00974
52     ,Entry Short,Enter Short,2017-04-03 02:00:00,0.0452 ,              ,            ,          ,            ,            ,         ,            ,            ,
       ,Exit Short ,Enter Long ,2017-04-15 02:00:00,0.0405 ,1614822.8019  ,7589.667    ,0.10398   ,0.10299     ,80285.53    ,0.24518  ,17895.467   ,0.00002     ,1.69595
53     ,Entry Long ,Enter Long ,2017-04-15 02:00:00,0.0405 ,              ,            ,          ,            ,            ,         ,            ,            ,
       ,Exit Long  ,Enter Short,2017-04-22 14:00:00,0.03914,2002049.285   ,-2722.787   ,-0.03358  ,-0.0335     ,77562.74    ,0.03919  ,3177.2522   ,0.06388     ,5179.3013
54     ,Entry Short,Enter Short,2017-04-22 14:00:00,0.03914,              ,            ,          ,            ,            ,         ,            ,            ,
       ,Exit Short ,Enter Long ,2017-04-27 14:00:00,0.04153,1987171.4546  ,-4749.34    ,-0.06106  ,-0.06045    ,72813.4000  ,0.01349  ,1049.2266   ,0.14842     ,11543.479
55     ,Entry Long ,Enter Long ,2017-04-27 14:00:00,0.04153,              ,            ,          ,            ,            ,         ,            ,            ,
       ,Exit Long  ,Enter Short,2017-05-10 14:00:00,0.0508 ,1648504.8193  ,15281.64    ,0.22321   ,0.20703     ,88095.04    ,0.54103  ,37040.254   ,0.00008     ,5.54758
56     ,Entry Short,Enter Short,2017-05-10 14:00:00,0.0508 ,              ,            ,          ,            ,            ,         ,            ,            ,
       ,Exit Short ,Enter Long ,2017-05-19 14:00:00,0.05345,1735502.9831  ,-4599.083   ,-0.05217  ,-0.05162    ,83495.96    ,0.08209  ,7237.0474   ,0.46457     ,40957.87
57     ,Entry Long ,Enter Long ,2017-05-19 14:00:00,0.05345,              ,            ,          ,            ,            ,         ,            ,            ,
       ,Exit Long  ,Enter Short,2017-06-22 14:00:00,0.12319,1513668.3087  ,105563.23   ,1.30477   ,1.24933     ,189059.19   ,1.84376  ,149170.5000 ,0           ,0
58     ,Entry Short,Enter Short,2017-06-22 14:00:00,0.12319,              ,            ,          ,            ,            ,         ,            ,            ,
       ,Exit Short ,Enter Long ,2017-07-20 14:00:00,0.09088,1527718.8915  ,49360.598   ,0.26228   ,0.25971     ,238419.78   ,0.3993   ,75148.49    ,0.02551     ,4800.093
59     ,Entry Long ,Enter Long ,2017-07-20 14:00:00,0.09088,              ,            ,          ,            ,            ,         ,            ,            ,
       ,Exit Long  ,Enter Short,2017-07-21 14:00:00,0.08456,2683041.9897  ,-16956.826  ,-0.06954  ,-0.07082    ,221462.95   ,0.00132  ,321.96503   ,0.20155     ,49145.28
60     ,Entry Short,Enter Short,2017-07-21 14:00:00,0.08456,              ,            ,          ,            ,            ,         ,            ,            ,
       ,Exit Short ,Enter Long ,2017-08-03 14:00:00,0.08077,2602781.7309  ,9864.543    ,0.04482   ,0.04434     ,231327.5000 ,0.22973  ,50561.637   ,0.02174     ,4783.9126
61     ,Entry Long ,Enter Long ,2017-08-03 14:00:00,0.08077,              ,            ,          ,            ,            ,         ,            ,            ,
       ,Exit Long  ,Enter Short,2017-08-14 02:00:00,0.07608,2788524.5557  ,-13078.18   ,-0.05807  ,-0.05629    ,218249.33   ,0.16131  ,36331.688   ,0.17537     ,39499.45
62     ,Entry Short,Enter Short,2017-08-14 02:00:00,0.07608,              ,            ,          ,            ,            ,         ,            ,            ,
       ,Exit Short ,Enter Long ,2017-08-22 14:00:00,0.07984,2856660.9145  ,-10741.045  ,-0.04942  ,-0.04899    ,207508.28   ,0.14564  ,31651.803   ,0.15058     ,32725.908
63     ,Entry Long ,Enter Long ,2017-08-22 14:00:00,0.07984,              ,            ,          ,            ,            ,         ,            ,            ,
       ,Exit Long  ,Enter Short,2017-09-04 02:00:00,0.07649,2497397.4543  ,-8366.281   ,-0.04196  ,-0.04012    ,199142      ,0.07841  ,15633.708   ,0.0869      ,17326.943
64     ,Entry Short,Enter Short,2017-09-04 02:00:00,0.07649,              ,            ,          ,            ,            ,         ,            ,            ,
       ,Exit Short ,Enter Long ,2017-09-19 14:00:00,0.07203,2591491.0175  ,11558.05    ,0.05831   ,0.05775     ,210700.05   ,0.12786  ,25344.781   ,0.0012      ,238.41718
65     ,Entry Long ,Enter Long ,2017-09-19 14:00:00,0.07203,              ,            ,          ,            ,            ,         ,            ,            ,
       ,Exit Long  ,Enter Short,2017-09-29 14:00:00,0.07198,2876608.1966  ,-143.83041  ,-0.00069  ,-0.00068    ,210556.22   ,0.08288  ,17173.352   ,0.03512     ,7277.819
66     ,Entry Short,Enter Short,2017-09-29 14:00:00,0.07198,              ,            ,          ,            ,            ,         ,            ,            ,
       ,Exit Short ,Enter Long ,2017-11-11 13:00:00,0.0452 ,2910383.9196  ,77940.08    ,0.37205   ,0.36841     ,288496.28   ,0.4843   ,101455.984  ,0           ,0
67     ,Entry Long ,Enter Long ,2017-11-11 13:00:00,0.0452 ,              ,            ,          ,            ,            ,         ,            ,            ,
       ,Exit Long  ,Enter Short,2017-11-18 01:00:00,0.04297,6265860.4093  ,-13972.869  ,-0.04934  ,-0.04827    ,274523.44   ,0.20354  ,57645.914   ,0.09491     ,26880.541
68     ,Entry Short,Enter Short,2017-11-18 01:00:00,0.04297,              ,            ,          ,            ,            ,         ,            ,            ,
       ,Exit Short ,Enter Long ,2017-11-24 01:00:00,0.04812,6349148.7681  ,-32698.115  ,-0.11985  ,-0.11868    ,241825.31   ,0.01327  ,3619.015    ,0.21783     ,59428.03
69     ,Entry Long ,Enter Long ,2017-11-24 01:00:00,0.04812,              ,            ,          ,            ,            ,         ,            ,            ,
       ,Exit Long  ,Enter Short,2017-11-30 01:00:00,0.04552,4564547.8022  ,-11867.824  ,-0.05403  ,-0.04887    ,229957.48   ,0.21301  ,46786.613   ,0.10349     ,22731.447
70     ,Entry Short,Enter Short,2017-11-30 01:00:00,0.04552,              ,            ,          ,            ,            ,         ,            ,            ,
       ,Exit Short ,Enter Long ,2017-12-14 13:00:00,0.04041,5036290.9183  ,25735.447   ,0.11226   ,0.11143     ,255692.94   ,0.47166  ,108129.164  ,0.00242     ,553.992
71     ,Entry Long ,Enter Long ,2017-12-14 13:00:00,0.04041,              ,            ,          ,            ,            ,         ,            ,            ,
       ,Exit Long  ,Enter Short,2018-02-06 13:00:00,0.09922,5612056.5081  ,330045.03   ,1.45533   ,1.28576     ,585738      ,2.03044  ,460469.25   ,0.1361      ,30866.31
72     ,Entry Short,Enter Short,2018-02-06 13:00:00,0.09922,              ,            ,          ,            ,            ,         ,            ,            ,
       ,Exit Short ,Enter Long ,2018-04-09 14:00:00,0.05728,5859494.6296  ,245747.2000 ,0.4227    ,0.41884     ,831485.2000 ,0.462    ,268599.22   ,0.03306     ,19219.143
73     ,Entry Long ,Enter Long ,2018-04-09 14:00:00,0.05728,              ,            ,          ,            ,            ,         ,            ,            ,
       ,Exit Long  ,Enter Short,2018-05-23 14:00:00,0.08113,14066572.0846 ,335487.75   ,0.41638   ,0.403       ,1166972.9000,0.49598  ,399631.3000 ,0           ,0
74     ,Entry Short,Enter Short,2018-05-23 14:00:00,0.08113,              ,            ,          ,            ,            ,         ,            ,            ,
       ,Exit Short ,Enter Long ,2018-06-04 02:00:00,0.07918,14258353.6437 ,27803.79    ,0.02404   ,0.02381     ,1194776.8000,0.13065  ,151138.55   ,0           ,0
75     ,Entry Long ,Enter Long ,2018-06-04 02:00:00,0.07918,              ,            ,          ,            ,            ,         ,            ,            ,
       ,Exit Long  ,Enter Short,2018-06-11 14:00:00,0.07802,14567001.8849 ,-16897.723  ,-0.01465  ,-0.01413    ,1177879     ,0.02109  ,24326.893   ,0.049       ,56519.97
76     ,Entry Short,Enter Short,2018-06-11 14:00:00,0.07802,              ,            ,          ,            ,            ,         ,            ,            ,
       ,Exit Short ,Enter Long ,2018-06-20 02:00:00,0.07859,14960084.9945 ,-8527.248   ,-0.00731  ,-0.00723    ,1169351.8000,0.07396  ,86319.69    ,0.02704     ,31565.78
77     ,Entry Long ,Enter Long ,2018-06-20 02:00:00,0.07859,              ,            ,          ,            ,            ,         ,            ,            ,
       ,Exit Long  ,Enter Short,2018-06-24 14:00:00,0.07631,14387217.55   ,-32802.855  ,-0.02901  ,-0.02803    ,1136548.9000,0.02138  ,24170.525   ,0.05522     ,62440.523
78     ,Entry Short,Enter Short,2018-06-24 14:00:00,0.07631,              ,            ,          ,            ,            ,         ,            ,            ,
       ,Exit Short ,Enter Long ,2018-07-09 14:00:00,0.07208,14762020.5878 ,62443.348   ,0.05543   ,0.05489     ,1198992.2000,0.09553  ,107615.13   ,0.00003     ,38.37645
79     ,Entry Long ,Enter Long ,2018-07-09 14:00:00,0.07208,              ,            ,          ,            ,            ,         ,            ,            ,
       ,Exit Long  ,Enter Short,2018-07-10 14:00:00,0.07053,16464333.5659 ,-25519.717  ,-0.0215   ,-0.02127    ,1173472.5000,0        ,0           ,0.06271     ,74418.79
80     ,Entry Short,Enter Short,2018-07-10 14:00:00,0.07053,              ,            ,          ,            ,            ,         ,            ,            ,
       ,Exit Short ,Enter Long ,2018-07-17 14:00:00,0.07078,16488652.0145 ,-4122.163   ,-0.00354  ,-0.00351    ,1169350.4000,0.04168  ,48476.637   ,0.01914     ,22259.68
81     ,Entry Long ,Enter Long ,2018-07-17 14:00:00,0.07078,              ,            ,          ,            ,            ,         ,            ,            ,
       ,Exit Long  ,Enter Short,2018-07-18 14:00:00,0.06884,16465819.305  ,-31943.69   ,-0.02741  ,-0.02729    ,1137406.6000,0.00003  ,38.90059    ,0.0534      ,62240.797
82     ,Entry Short,Enter Short,2018-07-18 14:00:00,0.06884,              ,            ,          ,            ,            ,         ,            ,            ,
       ,Exit Short ,Enter Long ,2018-08-06 14:00:00,0.05792,16372749.7635 ,178790.42   ,0.15863   ,0.15705     ,1316197.1000,0.21557  ,242971.61   ,0.00006     ,71.06799
83     ,Entry Long ,Enter Long ,2018-08-06 14:00:00,0.05792,              ,            ,          ,            ,            ,         ,            ,            ,
       ,Exit Long  ,Enter Short,2018-08-10 14:00:00,0.05619,22339539.4457 ,-38647.402  ,-0.02987  ,-0.02934    ,1277549.8000,0.01312  ,16978.05    ,0.04696     ,60763.547
84     ,Entry Short,Enter Short,2018-08-10 14:00:00,0.05619,              ,            ,          ,            ,            ,         ,            ,            ,
       ,Exit Short ,Enter Long ,2018-09-17 02:00:00,0.03357,22528134.2009 ,509586.4000 ,0.40256   ,0.39857     ,1787136.1000,0.52269  ,661651.3000 ,0.00409     ,5181.4707
85     ,Entry Long ,Enter Long ,2018-09-17 02:00:00,0.03357,              ,            ,          ,            ,            ,         ,            ,            ,
       ,Exit Long  ,Enter Short,2018-09-27 14:00:00,0.03332,52244690.6475 ,-13061.173  ,-0.00745  ,-0.0073     ,1774074.9000,0.11379  ,199574.72   ,0.07775     ,136358.64
86     ,Entry Short,Enter Short,2018-09-27 14:00:00,0.03332,              ,            ,          ,            ,            ,         ,            ,            ,
       ,Exit Short ,Enter Long ,2018-09-30 14:00:00,0.035  ,52744887.8757 ,-88611.414  ,-0.05042  ,-0.04992    ,1685463.5000,0.01801  ,31646.934   ,0.07983     ,140301.4000
87     ,Entry Long ,Enter Long ,2018-09-30 14:00:00,0.035  ,              ,            ,          ,            ,            ,         ,            ,            ,
       ,Exit Long  ,Enter Short,2018-10-05 02:00:00,0.03397,46678544.914  ,-48078.902  ,-0.02943  ,-0.02851    ,1637384.6000,0.02114  ,34542.125   ,0.04286     ,70017.82
88     ,Entry Short,Enter Short,2018-10-05 02:00:00,0.03397,              ,            ,          ,            ,            ,         ,            ,            ,
       ,Exit Short ,Enter Long ,2018-10-11 02:00:00,0.03429,47752570.9466 ,-15280.822  ,-0.00942  ,-0.00933    ,1622103.8000,0.01531  ,24831.336   ,0.02532     ,41067.21
89     ,Entry Long ,Enter Long ,2018-10-11 02:00:00,0.03429,              ,            ,          ,            ,            ,         ,            ,            ,
       ,Exit Long  ,Enter Short,2018-10-11 14:00:00,0.03356,46936820.2313 ,-34263.88   ,-0.02129  ,-0.02111    ,1587839.9000,0.00002  ,36.49737    ,0.08924     ,143626.67
90     ,Entry Short,Enter Short,2018-10-11 14:00:00,0.03356,              ,            ,          ,            ,            ,         ,            ,            ,
       ,Exit Short ,Enter Long ,2018-11-04 13:00:00,0.03141,46878746.0017 ,100789.305  ,0.06406   ,0.06344     ,1688629.2000,0.09923  ,156106.22   ,0.01341     ,21095.436
91     ,Entry Long ,Enter Long ,2018-11-04 13:00:00,0.03141,              ,            ,          ,            ,            ,         ,            ,            ,
       ,Exit Long  ,Enter Short,2018-11-15 01:00:00,0.03197,53080577.2317 ,29725.123   ,0.01783   ,0.01759     ,1718354.4000,0.08564  ,142786.75   ,0.05317     ,88644.56
92     ,Entry Short,Enter Short,2018-11-15 01:00:00,0.03197,              ,            ,          ,            ,            ,         ,            ,            ,
       ,Exit Short ,Enter Long ,2018-12-18 13:00:00,0.02662,53253947.9051 ,284908.62   ,0.16734   ,0.16571     ,2003263     ,0.23115  ,393546.7000 ,0.01001     ,17041.264
93     ,Entry Long ,Enter Long ,2018-12-18 13:00:00,0.02662,              ,            ,          ,            ,            ,         ,            ,            ,
       ,Exit Long  ,Enter Short,2019-01-10 13:00:00,0.03675,73766567.2937 ,747255.3000 ,0.38054   ,0.37283     ,2750518.2000,0.56386  ,1107236.1000,0.00751     ,14753.313
94     ,Entry Short,Enter Short,2019-01-10 13:00:00,0.03675,              ,            ,          ,            ,            ,         ,            ,            ,
       ,Exit Short ,Enter Long ,2019-02-09 13:00:00,0.03207,74145782.4396 ,347002.25   ,0.12735   ,0.12611     ,3097520.5000,0.18857  ,513830.28   ,0.00002     ,60.84667
95     ,Entry Long ,Enter Long ,2019-02-09 13:00:00,0.03207,              ,            ,          ,            ,            ,         ,            ,            ,
       ,Exit Long  ,Enter Short,2019-02-27 13:00:00,0.0359 ,93043200.7648 ,356355.47   ,0.11943   ,0.11501     ,3453876     ,0.23386  ,697824      ,0.00094     ,2791.2961
96     ,Entry Short,Enter Short,2019-02-27 13:00:00,0.0359 ,              ,            ,          ,            ,            ,         ,            ,            ,
       ,Exit Short ,Enter Long ,2019-03-17 13:00:00,0.03499,95272418.9308 ,86697.9000  ,0.02535   ,0.02509     ,3540574     ,0.22006  ,752652.1000 ,0.01727     ,59068.9000
97     ,Entry Long ,Enter Long ,2019-03-17 13:00:00,0.03499,              ,            ,          ,            ,            ,         ,            ,            ,
       ,Exit Long  ,Enter Short,2019-03-21 01:00:00,0.03445,100441140.099 ,-54238.215  ,-0.01543  ,-0.01531    ,3486335.8000,0.00629  ,22097.05    ,0.02544     ,89392.62
98     ,Entry Short,Enter Short,2019-03-21 01:00:00,0.03445,              ,            ,          ,            ,            ,         ,            ,            ,
       ,Exit Short ,Enter Long ,2019-03-30 01:00:00,0.03445,100217576.462 ,0           ,0         ,0           ,3486335.8000,0.02409  ,83180.586   ,0.01364     ,47102.26
99     ,Entry Long ,Enter Long ,2019-03-30 01:00:00,0.03445,              ,            ,          ,            ,            ,         ,            ,            ,
       ,Exit Long  ,Enter Short,2019-04-02 14:00:00,0.03353,99395074.9003 ,-91443.47   ,-0.02671  ,-0.02622    ,3394892.2000,0.02612  ,89455.57    ,0.1135      ,388634.75
100    ,Entry Short,Enter Short,2019-04-02 14:00:00,0.03353,              ,            ,          ,            ,            ,         ,            ,            ,
       ,Exit Short ,Enter Long ,2019-04-09 14:00:00,0.03401,100313333.7691,-48150.4000 ,-0.01432  ,-0.01418    ,3346741.8000,0.06353  ,213667.4000 ,0.0504      ,169529.53
101    ,Entry Long ,Enter Long ,2019-04-09 14:00:00,0.03401,              ,            ,          ,            ,            ,         ,            ,            ,
       ,Exit Long  ,Enter Short,2019-04-12 14:00:00,0.03279,96829736.8246 ,-118132.28  ,-0.03587  ,-0.03529    ,3228609.5000,0.02058  ,67780.81    ,0.05351     ,176230.12
102    ,Entry Short,Enter Short,2019-04-12 14:00:00,0.03279,              ,            ,          ,            ,            ,         ,            ,            ,
       ,Exit Short ,Enter Long ,2019-04-21 02:00:00,0.03271,97518270.5813 ,7801.4614   ,0.00244   ,0.00242     ,3236411     ,0.05093  ,162855.52   ,0.01464     ,46808.77
103    ,Entry Long ,Enter Long ,2019-04-21 02:00:00,0.03271,              ,            ,          ,            ,            ,         ,            ,            ,
       ,Exit Long  ,Enter Short,2019-04-22 14:00:00,0.03223,98564962.3495 ,-47311.184  ,-0.01467  ,-0.01461    ,3189099.8000,0        ,0           ,0.02629     ,84765.87
104    ,Entry Short,Enter Short,2019-04-22 14:00:00,0.03223,              ,            ,          ,            ,            ,         ,            ,            ,
       ,Exit Short ,Enter Long ,2019-05-17 02:00:00,0.03141,97989764.2216 ,80351.61    ,0.02544   ,0.02519     ,3269451.5000,0.23891  ,754521.2000 ,0.08036     ,253793.48
105    ,Entry Long ,Enter Long ,2019-05-17 02:00:00,0.03141,              ,            ,          ,            ,            ,         ,            ,            ,
       ,Exit Long  ,Enter Short,2019-05-27 14:00:00,0.03083,94090910.7159 ,-54572.727  ,-0.01847  ,-0.01669    ,3214878.8000,0.07959  ,235227.28   ,0.04457     ,131727.28
106    ,Entry Short,Enter Short,2019-05-27 14:00:00,0.03083,              ,            ,          ,            ,            ,         ,            ,            ,
       ,Exit Short ,Enter Long ,2019-06-06 14:00:00,0.03141,103337161.0277,-59935.555  ,-0.01881  ,-0.01864    ,3154943.2000,0.03276  ,104370.53   ,0.07558     ,240775.58
107    ,Entry Long ,Enter Long ,2019-06-06 14:00:00,0.03141,              ,            ,          ,            ,            ,         ,            ,            ,
       ,Exit Long  ,Enter Short,2019-06-10 02:00:00,0.03073,99246400.7828 ,-67487.555  ,-0.02165  ,-0.02138    ,3087455.5000,0.0226   ,70464.945   ,0.0468      ,145892.2000
108    ,Entry Short,Enter Short,2019-06-10 02:00:00,0.03073,              ,            ,          ,            ,            ,         ,            ,            ,
       ,Exit Short ,Enter Long ,2019-06-13 14:00:00,0.03163,99506683.0029 ,-89556.016  ,-0.02929  ,-0.029      ,2997899.5000,0.01627  ,49753.34    ,0.04979     ,152245.22
109    ,Entry Long ,Enter Long ,2019-06-13 14:00:00,0.03163,              ,            ,          ,            ,            ,         ,            ,            ,
       ,Exit Long  ,Enter Short,2019-06-15 14:00:00,0.03067,91862509.5442 ,-88188.01   ,-0.03035  ,-0.02941    ,2909711.5000,0.0117   ,33989.13    ,0.04331     ,125851.64
110    ,Entry Short,Enter Short,2019-06-15 14:00:00,0.03067,              ,            ,          ,            ,            ,         ,            ,            ,
       ,Exit Short ,Enter Long ,2019-07-26 14:00:00,0.02206,93973920.8191 ,809115.44   ,0.28073   ,0.27798     ,3718827     ,0.35768  ,1030893.94  ,0.00391     ,11276.87
111    ,Entry Long ,Enter Long ,2019-07-26 14:00:00,0.02206,              ,            ,          ,            ,            ,         ,            ,            ,
       ,Exit Long  ,Enter Short,2019-08-02 02:00:00,0.02139,165909843.4312,-111159.59  ,-0.03037  ,-0.02988    ,3607667.5000,0.01541  ,56409.348   ,0.05893     ,215682.8000
112    ,Entry Short,Enter Short,2019-08-02 02:00:00,0.02139,              ,            ,          ,            ,            ,         ,            ,            ,
       ,Exit Short ,Enter Long ,2019-08-23 14:00:00,0.01875,167054166.104 ,441023      ,0.12342   ,0.12221     ,4048690.5000,0.17859  ,638146.94   ,0.00007     ,234.75507
113    ,Entry Long ,Enter Long ,2019-08-23 14:00:00,0.01875,              ,            ,          ,            ,            ,         ,            ,            ,
       ,Exit Long  ,Enter Short,2019-08-27 14:00:00,0.01833,212413212.7499,-89213.55   ,-0.0224   ,-0.02203    ,3959476.8000,0.01227  ,48855.04    ,0.03733     ,148689.25
114    ,Entry Short,Enter Short,2019-08-27 14:00:00,0.01833,              ,            ,          ,            ,            ,         ,            ,            ,
       ,Exit Short ,Enter Long ,2019-09-10 14:00:00,0.01754,213914532.2633,168992.48   ,0.0431    ,0.04267     ,4128469.2000,0.12111  ,474890.25   ,0.012       ,47061.195
115    ,Entry Long ,Enter Long ,2019-09-10 14:00:00,0.01754,              ,            ,          ,            ,            ,         ,            ,            ,
       ,Exit Long  ,Enter Short,2019-09-27 02:00:00,0.02017,230555392.3352,606360.7000 ,0.14994   ,0.14684     ,4734830     ,0.26796  ,1083610.4000,0.01653     ,66861.06
116    ,Entry Short,Enter Short,2019-09-27 02:00:00,0.02017,              ,            ,          ,            ,            ,         ,            ,            ,
       ,Exit Short ,Enter Long ,2019-09-28 14:00:00,0.02098,232434812.772 ,-188272.2000,-0.04016  ,-0.03975    ,4546558     ,0.00017  ,815.99      ,0.06891     ,323084.38
117    ,Entry Long ,Enter Long ,2019-09-28 14:00:00,0.02098,              ,            ,          ,            ,            ,         ,            ,            ,
       ,Exit Long  ,Enter Short,2019-10-18 14:00:00,0.02186,208423016.2669,183412.25   ,0.04194   ,0.04033     ,4729970     ,0.11344  ,496046.78   ,0.01335     ,58358.445
118    ,Entry Short,Enter Short,2019-10-18 14:00:00,0.02186,              ,            ,          ,            ,            ,         ,            ,            ,
       ,Exit Short ,Enter Long ,2019-11-07 01:00:00,0.02032,214277081.2513,329986.72   ,0.07045   ,0.06975     ,5059957     ,0.13358  ,625689.06   ,0.05215     ,244275.88
119    ,Entry Long ,Enter Long ,2019-11-07 01:00:00,0.02032,              ,            ,          ,            ,            ,         ,            ,            ,
       ,Exit Long  ,Enter Short,2019-11-23 01:00:00,0.02094,244549492.4084,151620.69   ,0.03051   ,0.02996     ,5211577.5000,0.07431  ,369269.72   ,0.00886     ,44018.91
120    ,Entry Short,Enter Short,2019-11-23 01:00:00,0.02094,              ,            ,          ,            ,            ,         ,            ,            ,
       ,Exit Short ,Enter Long ,2019-12-16 01:00:00,0.02003,246487533.9533,224303.66   ,0.04346   ,0.04303     ,5435881     ,0.07163  ,369731.3000 ,0.00716     ,36973.13
121    ,Entry Long ,Enter Long ,2019-12-16 01:00:00,0.02003,              ,            ,          ,            ,            ,         ,            ,            ,
       ,Exit Long  ,Enter Short,2019-12-17 01:00:00,0.01974,267955715.1553,-77707.16   ,-0.01448  ,-0.01429    ,5358174     ,0.003    ,16077.343   ,0.05691     ,305469.5000
122    ,Entry Short,Enter Short,2019-12-17 01:00:00,0.01974,              ,            ,          ,            ,            ,         ,            ,            ,
       ,Exit Short ,Enter Long ,2019-12-31 13:00:00,0.01812,268818473.8964,435485.94   ,0.08207   ,0.08126     ,5793660     ,0.12969  ,688175.3000 ,0.00018     ,958.56415
123    ,Entry Long ,Enter Long ,2019-12-31 13:00:00,0.01812,              ,            ,          ,            ,            ,         ,            ,            ,
       ,Exit Long  ,Enter Short,2020-01-09 01:00:00,0.01751,314113928.3406,-191609.5000,-0.03366  ,-0.03307    ,5602050.5000,0.04249  ,241867.72   ,0.06512     ,370654.44
124    ,Entry Short,Enter Short,2020-01-09 01:00:00,0.01751,              ,            ,          ,            ,            ,         ,            ,            ,
       ,Exit Short ,Enter Long ,2020-01-15 13:00:00,0.01847,316862174.6452,-304187.7000,-0.05483  ,-0.05429    ,5297862.5000,0.01199  ,66541.055   ,0.10965     ,608375.4000
125    ,Entry Long ,Enter Long ,2020-01-15 13:00:00,0.01847,              ,            ,          ,            ,            ,         ,            ,            ,
       ,Exit Long  ,Enter Short,2020-01-29 13:00:00,0.01894,270345278.9129,127062.28   ,0.02545   ,0.02398     ,5424925     ,0.08284  ,413628.28   ,0.02545     ,127062.28
126    ,Entry Short,Enter Short,2020-01-29 13:00:00,0.01894,              ,            ,          ,            ,            ,         ,            ,            ,
       ,Exit Short ,Enter Long ,2020-02-02 01:00:00,0.01936,283676253.9904,-119144.02  ,-0.02218  ,-0.02196    ,5305781     ,0.02534  ,136164.61   ,0.03537     ,190063.1000
127    ,Entry Long ,Enter Long ,2020-02-02 01:00:00,0.01936,              ,            ,          ,            ,            ,         ,            ,            ,
       ,Exit Long  ,Enter Short,2020-02-27 13:00:00,0.02582,268743632.7048,1736083.9000,0.33368   ,0.32714     ,7041865     ,0.48502  ,2523502.8000,0.00005     ,234.67906
128    ,Entry Short,Enter Short,2020-02-27 13:00:00,0.02582,              ,            ,          ,            ,            ,         ,            ,            ,
       ,Exit Short ,Enter Long ,2020-03-08 01:00:00,0.02668,270089335.2241,-232276.83  ,-0.03331  ,-0.03298    ,6809588     ,0.0306   ,213370.58   ,0.06468     ,451049.2000
129    ,Entry Long ,Enter Long ,2020-03-08 01:00:00,0.02668,              ,            ,          ,            ,            ,         ,            ,            ,
       ,Exit Long  ,Enter Short,2020-03-10 01:00:00,0.02563,248175584.3544,-260584.36  ,-0.03936  ,-0.03826    ,6549003.5000,0        ,0           ,0.08508     ,563358.56
130    ,Entry Short,Enter Short,2020-03-10 01:00:00,0.02563,              ,            ,          ,            ,            ,         ,            ,            ,
       ,Exit Short ,Enter Long ,2020-04-05 02:00:00,0.02098,253032349.6925,1176600.4000,0.18143   ,0.17963     ,7725604     ,0.21849  ,1416981.1000,0.06906     ,447867.25
131    ,Entry Long ,Enter Long ,2020-04-05 02:00:00,0.02098,              ,            ,          ,            ,            ,         ,            ,            ,
       ,Exit Long  ,Enter Short,2020-05-01 02:00:00,0.02432,362847334.4601,1211910.1000,0.1592    ,0.15685     ,8937514     ,0.23928  ,1821493.6000,0.00024     ,1792.5427
132    ,Entry Short,Enter Short,2020-05-01 02:00:00,0.02432,              ,            ,          ,            ,            ,         ,            ,            ,
       ,Exit Short ,Enter Long ,2020-05-20 02:00:00,0.02189,363937395.8448,884367.9000 ,0.09992   ,0.09894     ,9821882     ,0.15666  ,1386601.5000,0.00123     ,10918.122
133    ,Entry Long ,Enter Long ,2020-05-20 02:00:00,0.02189,              ,            ,          ,            ,            ,         ,            ,            ,
       ,Exit Long  ,Enter Short,2020-06-16 02:00:00,0.02467,442966604.2033,1231447.1000,0.127     ,0.12537     ,11053329    ,0.16903  ,1638976.4000,0.01005     ,97452.66
134    ,Entry Short,Enter Short,2020-06-16 02:00:00,0.02467,              ,            ,          ,            ,            ,         ,            ,            ,
       ,Exit Short ,Enter Long ,2020-06-23 14:00:00,0.02507,443641709.1672,-177456.69  ,-0.01621  ,-0.01605    ,10875873    ,0.01581  ,173020.27   ,0.04216     ,461387.38
135    ,Entry Long ,Enter Long ,2020-06-23 14:00:00,0.02507,              ,            ,          ,            ,            ,         ,            ,            ,
       ,Exit Long  ,Enter Short,2020-06-29 02:00:00,0.02472,425383055.3446,-148884.06  ,-0.01396  ,-0.01369    ,10726988    ,0.02912  ,310529.62   ,0.03231     ,344560.28
136    ,Entry Short,Enter Short,2020-06-29 02:00:00,0.02472,              ,            ,          ,            ,            ,         ,            ,            ,
       ,Exit Short ,Enter Long ,2020-07-05 02:00:00,0.02495,429651518.8131,-98819.85   ,-0.0093   ,-0.00921    ,10628169    ,0.01133  ,120302.42   ,0.01618     ,171860.61
137    ,Entry Long ,Enter Long ,2020-07-05 02:00:00,0.02495,              ,            ,          ,            ,            ,         ,            ,            ,
       ,Exit Long  ,Enter Short,2020-07-17 14:00:00,0.02562,420148917.1716,281499.78   ,0.02685   ,0.02648     ,10909668    ,0.06092  ,638626.4000 ,0.00281     ,29410.424
138    ,Entry Short,Enter Short,2020-07-17 14:00:00,0.02562,              ,            ,          ,            ,            ,         ,            ,            ,
       ,Exit Short ,Enter Long ,2020-07-22 02:00:00,0.02598,421619353.323 ,-151782.97  ,-0.01405  ,-0.01391    ,10757885    ,0.00937  ,101188.65   ,0.02537     ,274052.6000
139    ,Entry Long ,Enter Long ,2020-07-22 02:00:00,0.02598,              ,            ,          ,            ,            ,         ,            ,            ,
       ,Exit Long  ,Enter Short,2020-08-22 02:00:00,0.03448,406492227.3411,3455184     ,0.32717   ,0.32115     ,14213069    ,0.44958  ,4747829     ,0.00005     ,535.3319
140    ,Entry Short,Enter Short,2020-08-22 02:00:00,0.03448,              ,            ,          ,            ,            ,         ,            ,            ,
       ,Exit Short ,Enter Long ,2020-08-30 14:00:00,0.03474,408182424.1599,-106127.43  ,-0.00754  ,-0.00747    ,14106942    ,0.04727  ,665337.4000 ,0.02117     ,297973.16
141    ,Entry Long ,Enter Long ,2020-08-30 14:00:00,0.03474,              ,            ,          ,            ,            ,         ,            ,            ,
       ,Exit Long  ,Enter Short,2020-09-06 14:00:00,0.03428,398171614.854 ,-183158.94  ,-0.01324  ,-0.01298    ,13923783    ,0.16839  ,2329304     ,0.09845     ,1361746.9000
142    ,Entry Short,Enter Short,2020-09-06 14:00:00,0.03428,              ,            ,          ,            ,            ,         ,            ,            ,
       ,Exit Short ,Enter Long ,2020-09-13 02:00:00,0.03605,402344964.9427,-712150.56  ,-0.05163  ,-0.05114    ,13211632    ,0.04551  ,627658.1000 ,0.08431     ,1162777
143    ,Entry Long ,Enter Long ,2020-09-13 02:00:00,0.03605,              ,            ,          ,            ,            ,         ,            ,            ,
       ,Exit Long  ,Enter Short,2020-09-16 14:00:00,0.03416,354438835.4879,-669889.4000,-0.05243  ,-0.0507     ,12541743    ,0.03024  ,386338.34   ,0.07712     ,985339.94
144    ,Entry Short,Enter Short,2020-09-16 14:00:00,0.03416,              ,            ,          ,            ,            ,         ,            ,            ,
       ,Exit Short ,Enter Long ,2020-10-01 14:00:00,0.03336,363724268.172 ,290979.4000 ,0.02342   ,0.0232      ,12832722    ,0.09543  ,1185741.1000,0.05621     ,698350.6000
145    ,Entry Long ,Enter Long ,2020-10-01 14:00:00,0.03336,              ,            ,          ,            ,            ,         ,            ,            ,
       ,Exit Long  ,Enter Short,2020-10-03 14:00:00,0.03284,376331516.032 ,-195692.39  ,-0.01559  ,-0.01525    ,12637030    ,0.01379  ,173112.5000 ,0.03507     ,440307.88
146    ,Entry Short,Enter Short,2020-10-03 14:00:00,0.03284,              ,            ,          ,            ,            ,         ,            ,            ,
       ,Exit Short ,Enter Long ,2020-10-12 02:00:00,0.03286,380984271.3255,-7619.6855  ,-0.00061  ,-0.0006     ,12629410    ,0.03837  ,480040.2000 ,0.01248     ,156203.55
147    ,Entry Long ,Enter Long ,2020-10-12 02:00:00,0.03286,              ,            ,          ,            ,            ,         ,            ,            ,
       ,Exit Long  ,Enter Short,2020-10-18 02:00:00,0.03245,380123357.0166,-155850.58  ,-0.01248  ,-0.01234    ,12473560    ,0.028    ,349713.5000 ,0.01978     ,247080.19
148    ,Entry Short,Enter Short,2020-10-18 02:00:00,0.03245,              ,            ,          ,            ,            ,         ,            ,            ,
       ,Exit Short ,Enter Long ,2020-11-09 01:00:00,0.02931,380584714.927 ,1195036     ,0.09676   ,0.0958      ,13668596    ,0.1812   ,2237838     ,0.01602     ,197904.05
149    ,Entry Long ,Enter Long ,2020-11-09 01:00:00,0.02931,              ,            ,          ,            ,            ,         ,            ,            ,
       ,Exit Long  ,Enter Short,2020-11-15 13:00:00,0.02876,460145648.1966,-253080.11  ,-0.01876  ,-0.01851    ,13415516    ,0.02968  ,400326.72   ,0.03753     ,506160.22
150    ,Entry Short,Enter Short,2020-11-15 13:00:00,0.02876,              ,            ,          ,            ,            ,         ,            ,            ,
       ,Exit Short ,Enter Long ,2020-11-23 01:00:00,0.02931,461857760.7877,-254021.77  ,-0.01912  ,-0.01893    ,13161494    ,0.08554  ,1136170.1000,0.08449     ,1122314.4000
151    ,Entry Long ,Enter Long ,2020-11-23 01:00:00,0.02931,              ,            ,          ,            ,            ,         ,            ,            ,
       ,Exit Long  ,Enter Short,2020-12-08 13:00:00,0.0308 ,425316723.3254,633721.94   ,0.05084   ,0.04815     ,13795216    ,0.1491   ,1858634.1000,0.00853     ,106329.18
152    ,Entry Short,Enter Short,2020-12-08 13:00:00,0.0308 ,              ,            ,          ,            ,            ,         ,            ,            ,
       ,Exit Short ,Open       ,                   ,       ,              ,            ,          ,            ,            ,         ,            ,            ,