Trade #,Type       ,Signal     ,Date/Time          ,Price  ,Contracts  ,Profit    ,ProfitPerc,ProfitEqPerc,ProfitEq ,RunUpPerc,RunUp    ,DrawdownPerc,Drawdown
1      ,Entry Long ,Enter Long ,2015-09-02 14:00:00,1.34   ,           ,          ,          ,            ,         ,         ,         ,            ,
       ,Exit Long  ,Enter Short,2015-09-11 02:00:00,1.2    ,727.81     ,-101.89   ,-0.1      ,-0.1        ,-101.89  ,0.03     ,32.75    ,0.16        ,160.11
2      ,Entry Short,Enter Short,2015-09-11 02:00:00,1.2    ,           ,          ,          ,            ,         ,         ,         ,            ,
       ,Exit Short ,Enter Long ,2015-10-26 13:00:00,0.61   ,741.3468   ,437.39    ,0.49      ,0.49        ,335.5    ,0.66     ,584.92   ,0           ,0.19
3      ,Entry Long ,Enter Long ,2015-10-26 13:00:00,0.61   ,           ,          ,          ,            ,         ,         ,         ,            ,
       ,Exit Long  ,Enter Short,2015-11-07 13:00:00,0.89   ,2031.4503  ,568.81    ,0.46      ,0.43        ,904.31   ,1.2      ,1482.96  ,0.01        ,6.38
4      ,Entry Short,Enter Short,2015-11-07 13:00:00,0.89   ,           ,          ,          ,            ,         ,         ,         ,            ,
       ,Exit Short ,Enter Long ,2015-11-09 13:00:00,0.96   ,2118.8359  ,-148.32   ,-0.08     ,-0.08       ,755.99   ,0.03     ,53.71    ,0.19        ,358.08
5      ,Entry Long ,Enter Long ,2015-11-09 13:00:00,0.96   ,           ,          ,          ,            ,         ,         ,         ,            ,
       ,Exit Long  ,Enter Short,2015-11-12 13:00:00,0.88   ,1695.2971  ,-135.62   ,-0.08     ,-0.08       ,620.37   ,0.12     ,200.05   ,0.24        ,389.92
6      ,Entry Short,Enter Short,2015-11-12 13:00:00,0.88   ,           ,          ,          ,            ,         ,         ,         ,            ,
       ,Exit Short ,Enter Long ,2015-11-19 01:00:00,0.96   ,1820.931   ,-145.67   ,-0.09     ,-0.09       ,474.69   ,0.25     ,398.42   ,0.14        ,218.51
7      ,Entry Long ,Enter Long ,2015-11-19 01:00:00,0.96   ,           ,          ,          ,            ,         ,         ,         ,            ,
       ,Exit Long  ,Enter Short,2015-11-26 01:00:00,0.89   ,1449.1819  ,-101.44   ,-0.07     ,-0.07       ,373.25   ,0.04     ,57.95    ,0.1         ,134.25
8      ,Entry Short,Enter Short,2015-11-26 01:00:00,0.89   ,           ,          ,          ,            ,         ,         ,         ,            ,
       ,Exit Short ,Enter Long ,2015-12-13 01:00:00,0.91   ,1529.752   ,-30.6     ,-0.02     ,-0.02       ,342.65   ,0.14     ,197.34   ,0.08        ,107.08
9      ,Entry Long ,Enter Long ,2015-12-13 01:00:00,0.91   ,           ,          ,          ,            ,         ,         ,         ,            ,
       ,Exit Long  ,Enter Short,2015-12-24 13:00:00,0.88   ,1332.527   ,-39.98    ,-0.03     ,-0.03       ,302.68   ,0.21     ,252.91   ,0.12        ,146.58
10     ,Entry Short,Enter Short,2015-12-24 13:00:00,0.88   ,           ,          ,          ,            ,         ,         ,         ,            ,
       ,Exit Short ,Enter Long ,2016-01-01 13:00:00,0.93   ,1468.8423  ,-73.44    ,-0.06     ,-0.06       ,229.23   ,0.05     ,58.75    ,0.14        ,176.26
11     ,Entry Long ,Enter Long ,2016-01-01 13:00:00,0.93   ,           ,          ,          ,            ,         ,         ,         ,            ,
       ,Exit Long  ,Enter Short,2016-02-19 13:00:00,4.33   ,1251.197   ,4254.07   ,3.66      ,3.46        ,4483.3   ,5.96     ,6933.02  ,0.1         ,110.63
12     ,Entry Short,Enter Short,2016-02-19 13:00:00,4.33   ,           ,          ,          ,            ,         ,         ,         ,            ,
       ,Exit Short ,Enter Long ,2016-02-23 01:00:00,5.01   ,1253.271   ,-852.22   ,-0.16     ,-0.16       ,3631.08  ,0.08     ,413.58   ,0.35        ,1892.44
13     ,Entry Long ,Enter Long ,2016-02-23 01:00:00,5.01   ,           ,          ,          ,            ,         ,         ,         ,            ,
       ,Exit Long  ,Enter Short,2016-03-19 01:00:00,10.38  ,774.0634   ,4156.72   ,1.07      ,0.9         ,7787.8   ,2.03     ,7872.22  ,0           ,1.47
14     ,Entry Short,Enter Short,2016-03-19 01:00:00,10.38  ,           ,          ,          ,            ,         ,         ,         ,            ,
       ,Exit Short ,Enter Long ,2016-03-24 13:00:00,11.71  ,842.0693   ,-1119.95  ,-0.13     ,-0.13       ,6667.85  ,0.08     ,724.18   ,0.2         ,1785.19
15     ,Entry Long ,Enter Long ,2016-03-24 13:00:00,11.71  ,           ,          ,          ,            ,         ,         ,         ,            ,
       ,Exit Long  ,Enter Short,2016-03-26 13:00:00,10.94  ,659.484    ,-507.8    ,-0.07     ,-0.07       ,6160.05  ,0        ,1.71     ,0.1         ,791.38
16     ,Entry Short,Enter Short,2016-03-26 13:00:00,10.94  ,           ,          ,          ,            ,         ,         ,         ,            ,
       ,Exit Short ,Enter Long ,2016-03-30 14:00:00,11.55  ,647.9131   ,-395.23   ,-0.06     ,-0.06       ,5764.82  ,0.08     ,537.77   ,0.09        ,615.52
17     ,Entry Long ,Enter Long ,2016-03-30 14:00:00,11.55  ,           ,          ,          ,            ,         ,         ,         ,            ,
       ,Exit Long  ,Enter Short,2016-04-05 14:00:00,11.14  ,570.3985   ,-233.86   ,-0.04     ,-0.03       ,5530.96  ,0.05     ,330.83   ,0.07        ,473.43
18     ,Entry Short,Enter Short,2016-04-05 14:00:00,11.14  ,           ,          ,          ,            ,         ,         ,         ,            ,
       ,Exit Short ,Enter Long ,2016-04-19 14:00:00,9.04   ,580.6668   ,1219.4    ,0.19      ,0.19        ,6750.36  ,0.37     ,2403.96  ,0.01        ,69.1
19     ,Entry Long ,Enter Long ,2016-04-19 14:00:00,9.04   ,           ,          ,          ,            ,         ,         ,         ,            ,
       ,Exit Long  ,Enter Short,2016-04-22 02:00:00,8.5    ,842.9684   ,-455.2    ,-0.06     ,-0.06       ,6295.15  ,0.02     ,160.16   ,0.12        ,876.69
20     ,Entry Short,Enter Short,2016-04-22 02:00:00,8.5    ,           ,          ,          ,            ,         ,         ,         ,            ,
       ,Exit Short ,Enter Long ,2016-05-02 02:00:00,8.57   ,849.9038   ,-59.49    ,-0.01     ,-0.01       ,6235.66  ,0.16     ,1189.89  ,0.11        ,781.06
21     ,Entry Long ,Enter Long ,2016-05-02 02:00:00,8.57   ,           ,          ,          ,            ,         ,         ,         ,            ,
       ,Exit Long  ,Enter Short,2016-05-27 02:00:00,12.37  ,806.9677   ,3066.48   ,0.44      ,0.42        ,9302.14  ,0.73     ,5067.76  ,0.02        ,112.98
22     ,Entry Short,Enter Short,2016-05-27 02:00:00,12.37  ,           ,          ,          ,            ,         ,         ,         ,            ,
       ,Exit Short ,Enter Long ,2016-06-01 14:00:00,13.43  ,824.6991   ,-874.18   ,-0.09     ,-0.08       ,8427.96  ,0.17     ,1715.37  ,0.16        ,1674.13
23     ,Entry Long ,Enter Long ,2016-06-01 14:00:00,13.43  ,           ,          ,          ,            ,         ,         ,         ,            ,
       ,Exit Long  ,Enter Short,2016-06-19 14:00:00,12.99  ,651.6968   ,-286.75   ,-0.03     ,-0.03       ,8141.21  ,0.6      ,5252.64  ,0.25        ,2170.15
24     ,Entry Short,Enter Short,2016-06-19 14:00:00,12.99  ,           ,          ,          ,            ,         ,         ,         ,            ,
       ,Exit Short ,Enter Long ,2016-06-27 14:00:00,14.09  ,700.7367   ,-770.81   ,-0.08     ,-0.08       ,7370.4   ,0.21     ,1877.25  ,0.24        ,2168.63
25     ,Entry Long ,Enter Long ,2016-06-27 14:00:00,14.09  ,           ,          ,          ,            ,         ,         ,         ,            ,
       ,Exit Long  ,Enter Short,2016-06-29 02:00:00,13.35  ,598.2125   ,-442.68   ,-0.05     ,-0.05       ,6927.72  ,0        ,5.98     ,0.19        ,1631.82
26     ,Entry Short,Enter Short,2016-06-29 02:00:00,13.35  ,           ,          ,          ,            ,         ,         ,         ,            ,
       ,Exit Short ,Enter Long ,2016-07-15 14:00:00,11.48  ,587.6854   ,1098.97   ,0.14      ,0.14        ,8026.69  ,0.3      ,2376.42  ,0           ,0.43
27     ,Entry Long ,Enter Long ,2016-07-15 14:00:00,11.48  ,           ,          ,          ,            ,         ,         ,         ,            ,
       ,Exit Long  ,Enter Short,2016-07-30 02:00:00,12.74  ,723.9466   ,912.17    ,0.11      ,0.1         ,8938.87  ,0.33     ,2721.46  ,0.05        ,404.19
28     ,Entry Short,Enter Short,2016-07-30 02:00:00,12.74  ,           ,          ,          ,            ,         ,         ,         ,            ,
       ,Exit Short ,Enter Long ,2016-08-10 02:00:00,11.67  ,772.4059   ,826.47    ,0.08      ,0.08        ,9765.34  ,0.45     ,4433.61  ,0.01        ,50.67
29     ,Entry Long ,Enter Long ,2016-08-10 02:00:00,11.67  ,           ,          ,          ,            ,         ,         ,         ,            ,
       ,Exit Long  ,Enter Short,2016-08-16 14:00:00,11.22  ,863.8679   ,-388.74   ,-0.04     ,-0.04       ,9376.6   ,0.07     ,717      ,0.06        ,630.62
30     ,Entry Short,Enter Short,2016-08-16 14:00:00,11.22  ,           ,          ,          ,            ,         ,         ,         ,            ,
       ,Exit Short ,Enter Long ,2016-08-26 14:00:00,11.24  ,915.6448   ,-18.31    ,-0        ,-0          ,9358.29  ,0.05     ,515.87   ,0.02        ,166.96
31     ,Entry Long ,Enter Long ,2016-08-26 14:00:00,11.24  ,           ,          ,          ,            ,         ,         ,         ,            ,
       ,Exit Long  ,Enter Short,2016-08-30 02:00:00,11.04  ,903.1371   ,-180.63   ,-0.02     ,-0.02       ,9177.66  ,0.01     ,90.04    ,0.04        ,362.74
32     ,Entry Short,Enter Short,2016-08-30 02:00:00,11.04  ,           ,          ,          ,            ,         ,         ,         ,            ,
       ,Exit Short ,Enter Long ,2016-09-01 02:00:00,11.31  ,912.7193   ,-246.43   ,-0.02     ,-0.02       ,8931.23  ,0.01     ,73.02    ,0.07        ,679.9
33     ,Entry Long ,Enter Long ,2016-09-01 02:00:00,11.31  ,           ,          ,          ,            ,         ,         ,         ,            ,
       ,Exit Long  ,Enter Short,2016-09-09 14:00:00,11.52  ,846.2365   ,177.71    ,0.02      ,0.02        ,9108.93  ,0.11     ,1047.18  ,0           ,0
34     ,Entry Short,Enter Short,2016-09-09 14:00:00,11.52  ,           ,          ,          ,            ,         ,         ,         ,            ,
       ,Exit Short ,Enter Long ,2016-09-11 02:00:00,11.78  ,868.7721   ,-225.88   ,-0.02     ,-0.02       ,8883.06  ,0        ,40.98    ,0.06        ,625.52
35     ,Entry Long ,Enter Long ,2016-09-11 02:00:00,11.78  ,           ,          ,          ,            ,         ,         ,         ,            ,
       ,Exit Long  ,Enter Short,2016-10-07 02:00:00,12.96  ,809.5259   ,955.24    ,0.1       ,0.1         ,9838.3   ,0.23     ,2161.43  ,0.01        ,121.43
36     ,Entry Short,Enter Short,2016-10-07 02:00:00,12.96  ,           ,          ,          ,            ,         ,         ,         ,            ,
       ,Exit Short ,Enter Long ,2016-10-19 14:00:00,12.46  ,828.2052   ,414.1     ,0.04      ,0.04        ,10252.4  ,0.1      ,1126.36  ,0           ,33.13
37     ,Entry Long ,Enter Long ,2016-10-19 14:00:00,12.46  ,           ,          ,          ,            ,         ,         ,         ,            ,
       ,Exit Long  ,Enter Short,2016-10-25 02:00:00,12.03  ,879.5886   ,-378.22   ,-0.03     ,-0.03       ,9874.17  ,0        ,41.52    ,0.05        ,501.36
38     ,Entry Short,Enter Short,2016-10-25 02:00:00,12.03  ,           ,          ,          ,            ,         ,         ,         ,            ,
       ,Exit Short ,Enter Long ,2016-12-10 01:00:00,8.33   ,894.9654   ,3311.37   ,0.31      ,0.3         ,13185.55 ,0.51     ,5468.19  ,0           ,3.84
39     ,Entry Long ,Enter Long ,2016-12-10 01:00:00,8.33   ,           ,          ,          ,            ,         ,         ,         ,            ,
       ,Exit Long  ,Enter Short,2016-12-17 01:00:00,7.88   ,1661.4146  ,-747.64   ,-0.05     ,-0.05       ,12437.91 ,0.04     ,548.25   ,0.07        ,996.97
40     ,Entry Short,Enter Short,2016-12-17 01:00:00,7.88   ,           ,          ,          ,            ,         ,         ,         ,            ,
       ,Exit Short ,Enter Long ,2016-12-30 01:00:00,8      ,1688.563   ,-202.63   ,-0.02     ,-0.02       ,12235.28 ,0.11     ,1468.85  ,0.09        ,1152.28
41     ,Entry Long ,Enter Long ,2016-12-30 01:00:00,8      ,           ,          ,          ,            ,         ,         ,         ,            ,
       ,Exit Long  ,Enter Short,2017-01-14 13:00:00,9.73   ,1500.842   ,2596.46   ,0.22      ,0.2         ,14831.74 ,0.45     ,5459.85  ,0.01        ,76.83
42     ,Entry Short,Enter Short,2017-01-14 13:00:00,9.73   ,           ,          ,          ,            ,         ,         ,         ,            ,
       ,Exit Short ,Enter Long ,2017-01-18 13:00:00,10.16  ,1610.6912  ,-692.6    ,-0.04     ,-0.04       ,14139.14 ,0.01     ,223.71   ,0.1         ,1543.04
43     ,Entry Long ,Enter Long ,2017-01-18 13:00:00,10.16  ,           ,          ,          ,            ,         ,         ,         ,            ,
       ,Exit Long  ,Enter Short,2017-01-30 01:00:00,10.49  ,1420.7129  ,468.84    ,0.03      ,0.03        ,14607.98 ,0.1      ,1473.42  ,0.03        ,369.39
44     ,Entry Short,Enter Short,2017-01-30 01:00:00,10.49  ,           ,          ,          ,            ,         ,         ,         ,            ,
       ,Exit Short ,Enter Long ,2017-02-01 13:00:00,10.66  ,1473.2069  ,-250.45   ,-0.02     ,-0.02       ,14357.53 ,0.01     ,103.11   ,0.03        ,455.21
45     ,Entry Long ,Enter Long ,2017-02-01 13:00:00,10.66  ,           ,          ,          ,            ,         ,         ,         ,            ,
       ,Exit Long  ,Enter Short,2017-04-04 14:00:00,44.86  ,1405.8219  ,48079.11  ,3.21      ,3.13        ,62436.64 ,4.16     ,62299.43 ,0.02        ,239.97
46     ,Entry Short,Enter Short,2017-04-04 14:00:00,44.86  ,           ,          ,          ,            ,         ,         ,         ,            ,
       ,Exit Short ,Enter Long ,2017-04-14 02:00:00,47.6   ,1400.3028  ,-3836.83  ,-0.06     ,-0.06       ,58599.81 ,0.09     ,5391.17  ,0.14        ,8543.25
47     ,Entry Long ,Enter Long ,2017-04-14 02:00:00,47.6   ,           ,          ,          ,            ,         ,         ,         ,            ,
       ,Exit Long  ,Enter Short,2017-06-22 14:00:00,327.44 ,1151.1506  ,322137.97 ,5.88      ,5.41        ,380737.78,7.51     ,411409.7 ,0.45        ,24864.85
48     ,Entry Short,Enter Short,2017-06-22 14:00:00,327.44 ,           ,          ,          ,            ,         ,         ,         ,            ,
       ,Exit Short ,Enter Long ,2017-07-21 02:00:00,218.93 ,1154.414   ,125265.46 ,0.33      ,0.33        ,506003.25,0.59     ,222404.78,0.01        ,3099.6
49     ,Entry Long ,Enter Long ,2017-07-21 02:00:00,218.93 ,           ,          ,          ,            ,         ,         ,         ,            ,
       ,Exit Long  ,Enter Short,2017-07-27 14:00:00,203.94 ,2174.1753  ,-32590.89 ,-0.07     ,-0.06       ,473412.38,0.09     ,43635.7  ,0.12        ,59181.05
50     ,Entry Short,Enter Short,2017-07-27 14:00:00,203.94 ,           ,          ,          ,            ,         ,         ,         ,            ,
       ,Exit Short ,Enter Long ,2017-08-02 14:00:00,218.16 ,2303.8092  ,-32760.17 ,-0.07     ,-0.07       ,440652.22,0.13     ,60221.57 ,0.17        ,77680.73
51     ,Entry Long ,Enter Long ,2017-08-02 14:00:00,218.16 ,           ,          ,          ,            ,         ,         ,         ,            ,
       ,Exit Long  ,Enter Short,2017-09-05 02:00:00,324.54 ,1906.7352  ,202838.48 ,0.49      ,0.46        ,643490.7 ,0.81     ,337187.06,0.01        ,5071.84
52     ,Entry Short,Enter Short,2017-09-05 02:00:00,324.54 ,           ,          ,          ,            ,         ,         ,         ,            ,
       ,Exit Short ,Enter Long ,2017-09-21 02:00:00,284.97 ,1970.3961  ,77968.57  ,0.12      ,0.12        ,721459.25,0.38     ,242871.02,0.07        ,46308.25
53     ,Entry Long ,Enter Long ,2017-09-21 02:00:00,284.97 ,           ,          ,          ,            ,         ,         ,         ,            ,
       ,Exit Long  ,Enter Short,2017-09-23 14:00:00,268.5  ,2496.3609  ,-41115.06 ,-0.06     ,-0.06       ,680344.2 ,0.01     ,6939.88  ,0.12        ,87023.14
54     ,Entry Short,Enter Short,2017-09-23 14:00:00,268.5  ,           ,          ,          ,            ,         ,         ,         ,            ,
       ,Exit Short ,Enter Long ,2017-09-24 14:00:00,280.63 ,2511.5662  ,-30465.3  ,-0.05     ,-0.04       ,649878.9 ,0        ,7.29     ,0.1         ,65803.03
55     ,Entry Long ,Enter Long ,2017-09-24 14:00:00,280.63 ,           ,          ,          ,            ,         ,         ,         ,            ,
       ,Exit Long  ,Enter Short,2017-10-06 02:00:00,292.97 ,2220.9227  ,27406.19  ,0.04      ,0.04        ,677285.06,0.12     ,71891.27 ,0.01        ,5841.03
56     ,Entry Short,Enter Short,2017-10-06 02:00:00,292.97 ,           ,          ,          ,            ,         ,         ,         ,            ,
       ,Exit Short ,Enter Long ,2017-10-07 02:00:00,299.98 ,2291.7574  ,-16065.22 ,-0.02     ,-0.02       ,661219.9 ,0        ,10.31    ,0.05        ,36736.87
57     ,Entry Long ,Enter Long ,2017-10-07 02:00:00,299.98 ,           ,          ,          ,            ,         ,         ,         ,            ,
       ,Exit Long  ,Enter Short,2017-10-20 02:00:00,309.73 ,2119.5676  ,20665.78  ,0.03      ,0.03        ,681885.7 ,0.17     ,104960.98,0.04        ,27511.99
58     ,Entry Short,Enter Short,2017-10-20 02:00:00,309.73 ,           ,          ,          ,            ,         ,         ,         ,            ,
       ,Exit Short ,Enter Long ,2017-10-31 01:00:00,305.13 ,2183.026   ,10041.92  ,0.01      ,0.01        ,691927.56,0.11     ,73633.47 ,0.01        ,8644.78
59     ,Entry Long ,Enter Long ,2017-10-31 01:00:00,305.13 ,           ,          ,          ,            ,         ,         ,         ,            ,
       ,Exit Long  ,Enter Short,2017-11-03 01:00:00,289.75 ,2227.7196  ,-34262.33 ,-0.05     ,-0.05       ,657665.25,0.01     ,9512.36  ,0.09        ,61106.35
60     ,Entry Short,Enter Short,2017-11-03 01:00:00,289.75 ,           ,          ,          ,            ,         ,         ,         ,            ,
       ,Exit Short ,Enter Long ,2017-11-09 01:00:00,300.83 ,2251.0528  ,-24941.66 ,-0.04     ,-0.04       ,632723.56,0.02     ,14519.29 ,0.11        ,69422.47
61     ,Entry Long ,Enter Long ,2017-11-09 01:00:00,300.83 ,           ,          ,          ,            ,         ,         ,         ,            ,
       ,Exit Long  ,Enter Short,2017-12-08 01:00:00,424.24 ,2024.8271  ,249883.9  ,0.41      ,0.39        ,882607.5 ,0.66     ,401057.5 ,0.03        ,17879.22
62     ,Entry Short,Enter Short,2017-12-08 01:00:00,424.24 ,           ,          ,          ,            ,         ,         ,         ,            ,
       ,Exit Short ,Enter Long ,2017-12-11 13:00:00,447.18 ,2063.0778  ,-47327    ,-0.05     ,-0.05       ,835280.5 ,0.05     ,45882.85 ,0.17        ,145983.39
63     ,Entry Long ,Enter Long ,2017-12-11 13:00:00,447.18 ,           ,          ,          ,            ,         ,         ,         ,            ,
       ,Exit Long  ,Enter Short,2017-12-25 01:00:00,659.43 ,1852.3773  ,393167.1  ,0.47      ,0.47        ,1228447.6,0.93     ,770255.5 ,0           ,0
64     ,Entry Short,Enter Short,2017-12-25 01:00:00,659.43 ,           ,          ,          ,            ,         ,         ,         ,            ,
       ,Exit Short ,Enter Long ,2017-12-27 13:00:00,741.02 ,1846.1597  ,-150628.17,-0.12     ,-0.12       ,1077819.4,0        ,0        ,0.16        ,197631.39
65     ,Entry Long ,Enter Long ,2017-12-27 13:00:00,741.02 ,           ,          ,          ,            ,         ,         ,         ,            ,
       ,Exit Long  ,Enter Short,2018-01-18 01:00:00,1007.73,1397.7713  ,372799.6  ,0.36      ,0.35        ,1450619  ,1.15     ,1193515  ,0.09        ,92196.99
66     ,Entry Short,Enter Short,2018-01-18 01:00:00,1007.73,           ,          ,          ,            ,         ,         ,         ,            ,
       ,Exit Short ,Enter Long ,2018-01-28 13:00:00,1113.39,1429.0898  ,-150997.62,-0.1      ,-0.1        ,1299621.4,0.1      ,139664.95,0.22        ,310441.2
67     ,Entry Long ,Enter Long ,2018-01-28 13:00:00,1113.39,           ,          ,          ,            ,         ,         ,         ,            ,
       ,Exit Long  ,Enter Short,2018-02-02 13:00:00,993.06 ,1044.9798  ,-125742.42,-0.11     ,-0.1        ,1173879  ,0.11     ,126035.02,0.28        ,326409.88
68     ,Entry Short,Enter Short,2018-02-02 13:00:00,993.06 ,           ,          ,          ,            ,         ,         ,         ,            ,
       ,Exit Short ,Enter Long ,2018-02-15 01:00:00,873.48 ,1183.1164  ,141477.06 ,0.12      ,0.12        ,1315356  ,0.44     ,517092.84,0           ,3135.26
69     ,Entry Long ,Enter Long ,2018-02-15 01:00:00,873.48 ,           ,          ,          ,            ,         ,         ,         ,            ,
       ,Exit Long  ,Enter Short,2018-02-23 01:00:00,836.59 ,1420.8797  ,-52416.25 ,-0.04     ,-0.04       ,1262939.8,0.13     ,156822.5 ,0.11        ,132823.83
70     ,Entry Short,Enter Short,2018-02-23 01:00:00,836.59 ,           ,          ,          ,            ,         ,         ,         ,            ,
       ,Exit Short ,Enter Long ,2018-04-11 14:00:00,408.25 ,1498.4023  ,641825.6  ,0.51      ,0.51        ,1904765.4,0.57     ,715607   ,0.07        ,93485.32
71     ,Entry Long ,Enter Long ,2018-04-11 14:00:00,408.25 ,           ,          ,          ,            ,         ,         ,         ,            ,
       ,Exit Long  ,Enter Short,2018-05-12 02:00:00,700.94 ,4521.7578  ,1323473.2 ,0.72      ,0.69        ,3228238.8,1.03     ,1907051.4,0           ,0
72     ,Entry Short,Enter Short,2018-05-12 02:00:00,700.94 ,           ,          ,          ,            ,         ,         ,         ,            ,
       ,Exit Short ,Enter Long ,2018-06-04 02:00:00,608.83 ,4563.9479  ,420385.25 ,0.13      ,0.13        ,3648624  ,0.28     ,896541.94,0.06        ,188673.61
73     ,Entry Long ,Enter Long ,2018-06-04 02:00:00,608.83 ,           ,          ,          ,            ,         ,         ,         ,            ,
       ,Exit Long  ,Enter Short,2018-06-11 02:00:00,564.88 ,5727.1365  ,-251707.66,-0.07     ,-0.07       ,3396916.2,0.04     ,154804.5 ,0.17        ,608737.3
74     ,Entry Short,Enter Short,2018-06-11 02:00:00,564.88 ,           ,          ,          ,            ,         ,         ,         ,            ,
       ,Exit Short ,Enter Long ,2018-06-21 14:00:00,532.33 ,5967.6507  ,194247.03 ,0.06      ,0.06        ,3591163.2,0.21     ,702631.2 ,0           ,1.9
75     ,Entry Long ,Enter Long ,2018-06-21 14:00:00,532.33 ,           ,          ,          ,            ,         ,         ,         ,            ,
       ,Exit Long  ,Enter Short,2018-06-23 14:00:00,480.97 ,6596.8935  ,-338816.44,-0.1      ,-0.09       ,3252346.8,0.01     ,24210.6  ,0.16        ,552753.7
76     ,Entry Short,Enter Short,2018-06-23 14:00:00,480.97 ,           ,          ,          ,            ,         ,         ,         ,            ,
       ,Exit Short ,Enter Long ,2018-07-04 02:00:00,466.49 ,6701.2969  ,97034.78  ,0.03      ,0.03        ,3349381.8,0.16     ,514391.56,0.01        ,43759.47
77     ,Entry Long ,Enter Long ,2018-07-04 02:00:00,466.49 ,           ,          ,          ,            ,         ,         ,         ,            ,
       ,Exit Long  ,Enter Short,2018-07-11 14:00:00,443.89 ,7099.9824  ,-160459.61,-0.05     ,-0.05       ,3188922  ,0.06     ,209449.48,0.09        ,292732.28
78     ,Entry Short,Enter Short,2018-07-11 14:00:00,443.89 ,           ,          ,          ,            ,         ,         ,         ,            ,
       ,Exit Short ,Enter Long ,2018-07-17 14:00:00,468.59 ,7115.7216  ,-175758.33,-0.06     ,-0.06       ,3013163.8,0.06     ,194686.14,0.09        ,276659.25
79     ,Entry Long ,Enter Long ,2018-07-17 14:00:00,468.59 ,           ,          ,          ,            ,         ,         ,         ,            ,
       ,Exit Long  ,Enter Short,2018-07-24 02:00:00,457.82 ,6231.457   ,-67112.79 ,-0.02     ,-0.02       ,2946051  ,0.1      ,300293.9 ,0.06        ,180400.69
80     ,Entry Short,Enter Short,2018-07-24 02:00:00,457.82 ,           ,          ,          ,            ,         ,         ,         ,            ,
       ,Exit Short ,Enter Long ,2018-07-25 14:00:00,471.76 ,6374.1669  ,-88855.88 ,-0.03     ,-0.03       ,2857195  ,0.02     ,58961.04 ,0.06        ,177201.84
81     ,Entry Long ,Enter Long ,2018-07-25 14:00:00,471.76 ,           ,          ,          ,            ,         ,         ,         ,            ,
       ,Exit Long  ,Enter Short,2018-07-31 02:00:00,460.78 ,5924.6616  ,-65052.79 ,-0.02     ,-0.02       ,2792142.2,0.03     ,74354.5  ,0.05        ,152619.28
82     ,Entry Short,Enter Short,2018-07-31 02:00:00,460.78 ,           ,          ,          ,            ,         ,         ,         ,            ,
       ,Exit Short ,Enter Long ,2018-08-30 02:00:00,290.98 ,6002.4351  ,1019213.5 ,0.37      ,0.36        ,3811355.8,0.46     ,1265193.2,0           ,12.97
83     ,Entry Long ,Enter Long ,2018-08-30 02:00:00,290.98 ,           ,          ,          ,            ,         ,         ,         ,            ,
       ,Exit Long  ,Enter Short,2018-09-05 14:00:00,277.47 ,12976.613  ,-175314.05,-0.05     ,-0.05       ,3636041.8,0.04     ,150658.48,0.19        ,700477.56
84     ,Entry Short,Enter Short,2018-09-05 14:00:00,277.47 ,           ,          ,          ,            ,         ,         ,         ,            ,
       ,Exit Short ,Enter Long ,2018-09-17 14:00:00,218.02 ,12980.3319 ,771680.75 ,0.21      ,0.21        ,4407722.5,0.4      ,1437052.5,0           ,1.22
85     ,Entry Long ,Enter Long ,2018-09-17 14:00:00,218.02 ,           ,          ,          ,            ,         ,         ,         ,            ,
       ,Exit Long  ,Enter Short,2018-09-20 02:00:00,206.5  ,19845.4629 ,-228619.73,-0.05     ,-0.05       ,4179102.8,0.01     ,23616.1  ,0.12        ,522729.5
86     ,Entry Short,Enter Short,2018-09-20 02:00:00,206.5  ,           ,          ,          ,            ,         ,         ,         ,            ,
       ,Exit Short ,Enter Long ,2018-09-21 02:00:00,213.25 ,20040.2731 ,-135271.84,-0.03     ,-0.03       ,4043830.8,0        ,13627.39 ,0.11        ,473551.66
87     ,Entry Long ,Enter Long ,2018-09-21 02:00:00,213.25 ,           ,          ,          ,            ,         ,         ,         ,            ,
       ,Exit Long  ,Enter Short,2018-09-27 14:00:00,215.73 ,17930.3723 ,44467.32  ,0.01      ,0.01        ,4088298.2,0.2      ,760427.06,0.05        ,181813.97
88     ,Entry Short,Enter Short,2018-09-27 14:00:00,215.73 ,           ,          ,          ,            ,         ,         ,         ,            ,
       ,Exit Short ,Enter Long ,2018-09-30 14:00:00,230.21 ,18771.9658 ,-271818.06,-0.07     ,-0.07       ,3816480  ,0.01     ,48807.11 ,0.11        ,445834.2
89     ,Entry Long ,Enter Long ,2018-09-30 14:00:00,230.21 ,           ,          ,          ,            ,         ,         ,         ,            ,
       ,Exit Long  ,Enter Short,2018-10-04 14:00:00,221.17 ,16002.1151 ,-144659.12,-0.04     ,-0.04       ,3671821  ,0.03     ,116495.4 ,0.07        ,255873.83
90     ,Entry Short,Enter Short,2018-10-04 14:00:00,221.17 ,           ,          ,          ,            ,         ,         ,         ,            ,
       ,Exit Short ,Enter Long ,2018-10-09 14:00:00,226.11 ,16440.8441 ,-81217.77 ,-0.02     ,-0.02       ,3590603.2,0.01     ,43897.06 ,0.04        ,156516.83
91     ,Entry Long ,Enter Long ,2018-10-09 14:00:00,226.11 ,           ,          ,          ,            ,         ,         ,         ,            ,
       ,Exit Long  ,Enter Short,2018-10-11 14:00:00,216.43 ,15597.5477 ,-150984.27,-0.04     ,-0.04       ,3439619  ,0        ,15753.52 ,0.15        ,522049.9
92     ,Entry Short,Enter Short,2018-10-11 14:00:00,216.43 ,           ,          ,          ,            ,         ,         ,         ,            ,
       ,Exit Short ,Enter Long ,2018-11-05 01:00:00,203.11 ,15749.3207 ,209780.95 ,0.06      ,0.06        ,3649400  ,0.15     ,509018.03,0.02        ,56225.07
93     ,Entry Long ,Enter Long ,2018-11-05 01:00:00,203.11 ,           ,          ,          ,            ,         ,         ,         ,            ,
       ,Exit Long  ,Enter Short,2018-11-14 01:00:00,206.47 ,17133.0197 ,57566.94  ,0.02      ,0.02        ,3706966.8,0.1      ,343688.38,0           ,8566.51
94     ,Entry Short,Enter Short,2018-11-14 01:00:00,206.47 ,           ,          ,          ,            ,         ,         ,         ,            ,
       ,Exit Short ,Enter Long ,2018-12-19 13:00:00,97.99  ,17785.7318 ,1929396.1 ,0.53      ,0.52        ,5636363  ,0.61     ,2239401.5,0           ,0
95     ,Entry Long ,Enter Long ,2018-12-19 13:00:00,97.99  ,           ,          ,          ,            ,         ,         ,         ,            ,
       ,Exit Long  ,Enter Short,2019-01-11 13:00:00,131.01 ,53869.1849 ,1778760.5 ,0.34      ,0.32        ,7415123.5,0.64     ,3394297.2,0           ,0
96     ,Entry Short,Enter Short,2019-01-11 13:00:00,131.01 ,           ,          ,          ,            ,         ,         ,         ,            ,
       ,Exit Short ,Enter Long ,2019-02-09 13:00:00,113.56 ,56169.9212 ,980165.1  ,0.13      ,0.13        ,8395289  ,0.24     ,1740144.1,0.01        ,38757.25
97     ,Entry Long ,Enter Long ,2019-02-09 13:00:00,113.56 ,           ,          ,          ,            ,         ,         ,         ,            ,
       ,Exit Long  ,Enter Short,2019-02-28 01:00:00,135.61 ,68351.0613 ,1507140.9 ,0.19      ,0.18        ,9902430  ,0.47     ,3626707.2,0           ,0
98     ,Entry Short,Enter Short,2019-02-28 01:00:00,135.61 ,           ,          ,          ,            ,         ,         ,         ,            ,
       ,Exit Short ,Enter Long ,2019-03-08 13:00:00,136.01 ,72333.0437 ,-28933.22 ,-0        ,-0          ,9873496  ,0.1      ,944669.56,0.04        ,361665.22
99     ,Entry Long ,Enter Long ,2019-03-08 13:00:00,136.01 ,           ,          ,          ,            ,         ,         ,         ,            ,
       ,Exit Long  ,Enter Short,2019-03-12 13:00:00,132.33 ,72028.372  ,-265064.4 ,-0.03     ,-0.03       ,9608432  ,0.02     ,200238.88,0.06        ,616562.9
100    ,Entry Short,Enter Short,2019-03-12 13:00:00,132.33 ,           ,          ,          ,            ,         ,         ,         ,            ,
       ,Exit Short ,Enter Long ,2019-03-17 01:00:00,138.43 ,71893.9003 ,-438552.78,-0.05     ,-0.05       ,9169879  ,0.03     ,311300.6 ,0.09        ,821028.3
101    ,Entry Long ,Enter Long ,2019-03-17 01:00:00,138.43 ,           ,          ,          ,            ,         ,         ,         ,            ,
       ,Exit Long  ,Enter Short,2019-03-25 01:00:00,135.77 ,63658.1718 ,-169330.73,-0.02     ,-0.02       ,9000548  ,0.02     ,186518.44,0.05        ,412504.97
102    ,Entry Short,Enter Short,2019-03-25 01:00:00,135.77 ,           ,          ,          ,            ,         ,         ,         ,            ,
       ,Exit Short ,Enter Long ,2019-03-29 01:00:00,137.3  ,65644.0309 ,-100435.37,-0.01     ,-0.01       ,8900113  ,0.04     ,340036.1 ,0.03        ,264545.44
103    ,Entry Long ,Enter Long ,2019-03-29 01:00:00,137.3  ,           ,          ,          ,            ,         ,         ,         ,            ,
       ,Exit Long  ,Enter Short,2019-04-14 14:00:00,163.71 ,64157.8532 ,1694408.9 ,0.19      ,0.19        ,10594522 ,0.37     ,3240613.2,0           ,29512.61
104    ,Entry Short,Enter Short,2019-04-14 14:00:00,163.71 ,           ,          ,          ,            ,         ,         ,         ,            ,
       ,Exit Short ,Enter Long ,2019-04-19 14:00:00,171.48 ,64075.8088 ,-497869.03,-0.05     ,-0.05       ,10096653 ,0.05     ,558100.3 ,0.08        ,811840.5
105    ,Entry Long ,Enter Long ,2019-04-19 14:00:00,171.48 ,           ,          ,          ,            ,         ,         ,         ,            ,
       ,Exit Long  ,Enter Short,2019-04-25 14:00:00,165.71 ,57447.0111 ,-331469.25,-0.03     ,-0.03       ,9765184  ,0.04     ,374554.5 ,0.07        ,646853.4
106    ,Entry Short,Enter Short,2019-04-25 14:00:00,165.71 ,           ,          ,          ,            ,         ,         ,         ,            ,
       ,Exit Short ,Enter Long ,2019-05-04 02:00:00,163.1  ,58356.6499 ,152310.86 ,0.02      ,0.02        ,9917494  ,0.12     ,1121031.2,0.02        ,191993.38
107    ,Entry Long ,Enter Long ,2019-05-04 02:00:00,163.1  ,           ,          ,          ,            ,         ,         ,         ,            ,
       ,Exit Long  ,Enter Short,2019-06-05 02:00:00,247.96 ,58402.123  ,4956004   ,0.52      ,0.5         ,14873499 ,0.77     ,7346987  ,0.04        ,356252.94
108    ,Entry Short,Enter Short,2019-06-05 02:00:00,247.96 ,           ,          ,          ,            ,         ,         ,         ,            ,
       ,Exit Short ,Enter Long ,2019-06-14 02:00:00,256.48 ,59421.1876 ,-506268.53,-0.03     ,-0.03       ,14367230 ,0.09     ,1271613.4,0.07        ,978072.75
109    ,Entry Long ,Enter Long ,2019-06-14 02:00:00,256.48 ,           ,          ,          ,            ,         ,         ,         ,            ,
       ,Exit Long  ,Enter Short,2019-07-02 02:00:00,294.14 ,54908.5584 ,2067856.2 ,0.15      ,0.14        ,16435086 ,0.42     ,5864783  ,0.02        ,245990.34
110    ,Entry Short,Enter Short,2019-07-02 02:00:00,294.14 ,           ,          ,          ,            ,         ,         ,         ,            ,
       ,Exit Short ,Enter Long ,2019-07-09 02:00:00,305.92 ,55331.3593 ,-651803.44,-0.04     ,-0.04       ,15783283 ,0.08     ,1247168.9,0.07        ,1154212.1
111    ,Entry Long ,Enter Long ,2019-07-09 02:00:00,305.92 ,           ,          ,          ,            ,         ,         ,         ,            ,
       ,Exit Long  ,Enter Short,2019-07-12 02:00:00,280.35 ,49490.1576 ,-1265463.4,-0.08     ,-0.08       ,14517820 ,0.04     ,628030.1 ,0.14        ,2169153.5
112    ,Entry Short,Enter Short,2019-07-12 02:00:00,280.35 ,           ,          ,          ,            ,         ,         ,         ,            ,
       ,Exit Short ,Enter Long ,2019-08-03 02:00:00,217.6  ,51357.0396 ,3222654.2 ,0.22      ,0.22        ,17740474 ,0.32     ,4619052  ,0           ,92.61
113    ,Entry Long ,Enter Long ,2019-08-03 02:00:00,217.6  ,           ,          ,          ,            ,         ,         ,         ,            ,
       ,Exit Long  ,Enter Short,2019-08-10 14:00:00,210.91 ,80320.8577 ,-537346.56,-0.03     ,-0.03       ,17203128 ,0.1      ,1769468.5,0.08        ,1333326.2
114    ,Entry Short,Enter Short,2019-08-10 14:00:00,210.91 ,           ,          ,          ,            ,         ,         ,         ,            ,
       ,Exit Short ,Enter Long ,2019-09-09 02:00:00,178.9  ,80776.2379 ,2585647.5 ,0.15      ,0.15        ,19788774 ,0.22     ,3830409.2,0.03        ,462040.1
115    ,Entry Long ,Enter Long ,2019-09-09 02:00:00,178.9  ,           ,          ,          ,            ,         ,         ,         ,            ,
       ,Exit Long  ,Enter Short,2019-09-25 14:00:00,179.25 ,107397.417 ,37589.1   ,0         ,0           ,19826364 ,0.26     ,4929541.5,0.15        ,2846031.5
116    ,Entry Short,Enter Short,2019-09-25 14:00:00,179.25 ,           ,          ,          ,            ,         ,         ,         ,            ,
       ,Exit Short ,Enter Long ,2019-10-09 02:00:00,179.44 ,109726.9894,-20848.13 ,-0        ,-0          ,19805516 ,0.15     ,3005422.2,0.04        ,717614.5
117    ,Entry Long ,Enter Long ,2019-10-09 02:00:00,179.44 ,           ,          ,          ,            ,         ,         ,         ,            ,
       ,Exit Long  ,Enter Short,2019-10-17 02:00:00,177.59 ,108269.516 ,-200298.61,-0.01     ,-0.01       ,19605218 ,0.1      ,1949934  ,0.04        ,846667.6
118    ,Entry Short,Enter Short,2019-10-17 02:00:00,177.59 ,           ,          ,          ,            ,         ,         ,         ,            ,
       ,Exit Short ,Enter Long ,2019-10-27 13:00:00,179.52 ,109331.6557,-211010.1 ,-0.01     ,-0.01       ,19394208 ,0.14     ,2688465.5,0.12        ,2340790.8
119    ,Entry Long ,Enter Long ,2019-10-27 13:00:00,179.52 ,           ,          ,          ,            ,         ,         ,         ,            ,
       ,Exit Long  ,Enter Short,2019-11-15 13:00:00,184.52 ,105754.9118,528774.56 ,0.03      ,0.03        ,19922982 ,0.08     ,1606417.1,0.01        ,219970.22
120    ,Entry Short,Enter Short,2019-11-15 13:00:00,184.52 ,           ,          ,          ,            ,         ,         ,         ,            ,
       ,Exit Short ,Enter Long ,2019-12-30 13:00:00,131.95 ,106908.5766,5620184   ,0.28      ,0.28        ,25543166 ,0.37     ,7385244.5,0.01        ,184951.84
121    ,Entry Long ,Enter Long ,2019-12-30 13:00:00,131.95 ,           ,          ,          ,            ,         ,         ,         ,            ,
       ,Exit Long  ,Enter Short,2020-01-26 01:00:00,160.49 ,187469.2691,5350373   ,0.22      ,0.21        ,30893538 ,0.36     ,8820429  ,0.05        ,1227923.8
122    ,Entry Short,Enter Short,2020-01-26 01:00:00,160.49 ,           ,          ,          ,            ,         ,         ,         ,            ,
       ,Exit Short ,Enter Long ,2020-01-28 01:00:00,167.33 ,190592.7444,-1303654.4,-0.04     ,-0.04       ,29589884 ,0.01     ,272547.62,0.07        ,2149886.2
123    ,Entry Long ,Enter Long ,2020-01-28 01:00:00,167.33 ,           ,          ,          ,            ,         ,         ,         ,            ,
       ,Exit Long  ,Enter Short,2020-02-26 13:00:00,250.68 ,170675.7918,14225827  ,0.5       ,0.48        ,43815712 ,0.73     ,20762710 ,0           ,338.52
124    ,Entry Short,Enter Short,2020-02-26 13:00:00,250.68 ,           ,          ,          ,            ,         ,         ,         ,            ,
       ,Exit Short ,Enter Long ,2020-03-07 13:00:00,240.78 ,173201.0948,1714690.9 ,0.04      ,0.04        ,45530404 ,0.17     ,7392222.5,0           ,129.67
125    ,Entry Long ,Enter Long ,2020-03-07 13:00:00,240.78 ,           ,          ,          ,            ,         ,         ,         ,            ,
       ,Exit Long  ,Enter Short,2020-03-09 13:00:00,213.72 ,181296.9398,-4905895  ,-0.11     ,-0.11       ,40624508 ,0.05     ,2124800.2,0.19        ,8118477
126    ,Entry Short,Enter Short,2020-03-09 13:00:00,213.72 ,           ,          ,          ,            ,         ,         ,         ,            ,
       ,Exit Short ,Enter Long ,2020-03-25 13:00:00,136.84 ,188727.045 ,14509335  ,0.36      ,0.36        ,55133844 ,0.58     ,23387056 ,0           ,0
127    ,Entry Long ,Enter Long ,2020-03-25 13:00:00,136.84 ,           ,          ,          ,            ,         ,         ,         ,            ,
       ,Exit Long  ,Enter Short,2020-03-30 02:00:00,128.63 ,396487.6647,-3255163.8,-0.06     ,-0.06       ,51878680 ,0.04     ,1978473.5,0.09        ,5114691
128    ,Entry Short,Enter Short,2020-03-30 02:00:00,128.63 ,           ,          ,          ,            ,         ,         ,         ,            ,
       ,Exit Short ,Enter Long ,2020-04-02 14:00:00,135.13 ,399393.7838,-2596059.5,-0.05     ,-0.05       ,49282620 ,0.04     ,1841205.4,0.08        ,4141713.5
129    ,Entry Long ,Enter Long ,2020-04-02 14:00:00,135.13 ,           ,          ,          ,            ,         ,         ,         ,            ,
       ,Exit Long  ,Enter Short,2020-04-16 02:00:00,156.57 ,349475.9219,7492764   ,0.16      ,0.15        ,56775384 ,0.31     ,14475293 ,0           ,325.68
130    ,Entry Short,Enter Short,2020-04-16 02:00:00,156.57 ,           ,          ,          ,            ,         ,         ,         ,            ,
       ,Exit Short ,Enter Long ,2020-04-17 02:00:00,165.17 ,359126.4951,-3088487.8,-0.05     ,-0.05       ,53686896 ,0.06     ,3436840.5,0.12        ,6765943
131    ,Entry Long ,Enter Long ,2020-04-17 02:00:00,165.17 ,           ,          ,          ,            ,         ,         ,         ,            ,
       ,Exit Long  ,Enter Short,2020-05-11 02:00:00,195.82 ,296586.6534,9090381   ,0.19      ,0.17        ,62777276 ,0.38     ,18495144 ,0           ,0
132    ,Entry Short,Enter Short,2020-05-11 02:00:00,195.82 ,           ,          ,          ,            ,         ,         ,         ,            ,
       ,Exit Short ,Enter Long ,2020-05-18 02:00:00,202.46 ,318456.9198,-2114554  ,-0.03     ,-0.03       ,60662720 ,0.1      ,6133480.5,0.07        ,4490242.5
133    ,Entry Long ,Enter Long ,2020-05-18 02:00:00,202.46 ,           ,          ,          ,            ,         ,         ,         ,            ,
       ,Exit Long  ,Enter Short,2020-05-26 02:00:00,203.32 ,289453.3204,248929.86 ,0         ,0           ,60911652 ,0.07     ,4202862  ,0.06        ,3227404.5
134    ,Entry Short,Enter Short,2020-05-26 02:00:00,203.32 ,           ,          ,          ,            ,         ,         ,         ,            ,
       ,Exit Short ,Enter Long ,2020-05-29 02:00:00,210.11 ,296584.6698,-2013809.9,-0.03     ,-0.03       ,58897840 ,0.03     ,2019741.6,0.09        ,5154641.5
135    ,Entry Long ,Enter Long ,2020-05-29 02:00:00,210.11 ,           ,          ,          ,            ,         ,         ,         ,            ,
       ,Exit Long  ,Enter Short,2020-06-13 14:00:00,236.7  ,267112.4705,7102520.5 ,0.13      ,0.12        ,66000364 ,0.21     ,11600695 ,0           ,1324.66
136    ,Entry Short,Enter Short,2020-06-13 14:00:00,236.7  ,           ,          ,          ,            ,         ,         ,         ,            ,
       ,Exit Short ,Enter Long ,2020-06-23 14:00:00,239.37 ,276070.9779,-737109.5 ,-0.01     ,-0.01       ,65263252 ,0.08     ,5134920  ,0.04        ,2840770.2
137    ,Entry Long ,Enter Long ,2020-06-23 14:00:00,239.37 ,           ,          ,          ,            ,         ,         ,         ,            ,
       ,Exit Long  ,Enter Short,2020-06-27 14:00:00,230.33 ,261638.0059,-2365207.5,-0.04     ,-0.04       ,62898044 ,0.04     ,2592832.8,0.05        ,3273091.5
138    ,Entry Short,Enter Short,2020-06-27 14:00:00,230.33 ,           ,          ,          ,            ,         ,         ,         ,            ,
       ,Exit Short ,Enter Long ,2020-07-07 02:00:00,233.91 ,270393.9343,-968010.3 ,-0.02     ,-0.02       ,61930036 ,0.06     ,3901784.5,0.05        ,3236615.5
139    ,Entry Long ,Enter Long ,2020-07-07 02:00:00,233.91 ,           ,          ,          ,            ,         ,         ,         ,            ,
       ,Exit Long  ,Enter Short,2020-07-17 02:00:00,234.84 ,251572.0986,233962.05 ,0         ,0           ,62163996 ,0.06     ,3771065.8,0.02        ,1046539.94
140    ,Entry Short,Enter Short,2020-07-17 02:00:00,234.84 ,           ,          ,          ,            ,         ,         ,         ,            ,
       ,Exit Short ,Enter Long ,2020-07-22 02:00:00,241.51 ,262184.6425,-1748771.6,-0.03     ,-0.03       ,60415224 ,0.01     ,865209.3 ,0.05        ,3188165.2
141    ,Entry Long ,Enter Long ,2020-07-22 02:00:00,241.51 ,           ,          ,          ,            ,         ,         ,         ,            ,
       ,Exit Long  ,Enter Short,2020-08-22 02:00:00,404.36 ,240928.8088,39235256  ,0.67      ,0.65        ,99650480 ,0.85     ,49614468 ,0           ,0
142    ,Entry Short,Enter Short,2020-08-22 02:00:00,404.36 ,           ,          ,          ,            ,         ,         ,         ,            ,
       ,Exit Short ,Enter Long ,2020-08-31 02:00:00,408.63 ,244084.9304,-1042242.6,-0.01     ,-0.01       ,98608240 ,0.08     ,8374554  ,0.06        ,6136295
143    ,Entry Long ,Enter Long ,2020-08-31 02:00:00,408.63 ,           ,          ,          ,            ,         ,         ,         ,            ,
       ,Exit Long  ,Enter Short,2020-09-05 14:00:00,382.98 ,228637.7239,-5864557.5,-0.06     ,-0.06       ,92743680 ,0.2      ,18505938 ,0.15        ,13889742
144    ,Entry Short,Enter Short,2020-09-05 14:00:00,382.98 ,           ,          ,          ,            ,         ,         ,         ,            ,
       ,Exit Short ,Enter Long ,2020-09-14 02:00:00,371.56 ,240170.1546,2742743.2 ,0.03      ,0.03        ,95486424 ,0.19     ,17277840 ,0.02        ,1685994.5
145    ,Entry Long ,Enter Long ,2020-09-14 02:00:00,371.56 ,           ,          ,          ,            ,         ,         ,         ,            ,
       ,Exit Long  ,Enter Short,2020-09-22 14:00:00,348.63 ,261536.1404,-5997023.5,-0.06     ,-0.06       ,89489400 ,0.06     ,6046715.5,0.11        ,10607906
146    ,Entry Short,Enter Short,2020-09-22 14:00:00,348.63 ,           ,          ,          ,            ,         ,         ,         ,            ,
       ,Exit Short ,Enter Long ,2020-09-30 02:00:00,356.66 ,254007.4886,-2039680.1,-0.02     ,-0.02       ,87449720 ,0.1      ,8943604  ,0.06        ,5194453
147    ,Entry Long ,Enter Long ,2020-09-30 02:00:00,356.66 ,           ,          ,          ,            ,         ,         ,         ,            ,
       ,Exit Long  ,Enter Short,2020-10-03 14:00:00,346.97 ,241607.9513,-2341181  ,-0.03     ,-0.03       ,85108536 ,0.04     ,3541972.5,0.06        ,5339535.5
148    ,Entry Short,Enter Short,2020-10-03 14:00:00,346.97 ,           ,          ,          ,            ,         ,         ,         ,            ,
       ,Exit Short ,Enter Long ,2020-10-10 14:00:00,363.17 ,242842.2451,-3934044.2,-0.05     ,-0.05       ,81174496 ,0.04     ,3390077.8,0.09        ,7778237
149    ,Entry Long ,Enter Long ,2020-10-10 14:00:00,363.17 ,           ,          ,          ,            ,         ,         ,         ,            ,
       ,Exit Long  ,Enter Short,2020-10-30 01:00:00,388.32 ,212189.5191,5336566.5 ,0.07      ,0.07        ,86511064 ,0.16     ,12360039 ,0.01        ,515620.53
150    ,Entry Short,Enter Short,2020-10-30 01:00:00,388.32 ,           ,          ,          ,            ,         ,         ,         ,            ,
       ,Exit Short ,Enter Long ,2020-11-06 01:00:00,403.14 ,220608.5329,-3269418.5,-0.04     ,-0.04       ,83241640 ,0.04     ,3820939.8,0.09        ,7350676.5
151    ,Entry Long ,Enter Long ,2020-11-06 01:00:00,403.14 ,           ,          ,          ,            ,         ,         ,         ,            ,
       ,Exit Long  ,Enter Short,2020-11-29 13:00:00,534.27 ,196561.8996,25775162  ,0.33      ,0.31        ,109016808,0.55     ,43308484 ,0           ,0
152    ,Entry Short,Enter Short,2020-11-29 13:00:00,534.27 ,           ,          ,          ,            ,         ,         ,         ,            ,
       ,Exit Short ,Enter Long ,2020-11-30 13:00:00,565.54 ,201868.0727,-6312414.5,-0.06     ,-0.06       ,102704392,0        ,295.32   ,0.11        ,11865805
153    ,Entry Long ,Enter Long ,2020-11-30 13:00:00,565.54 ,           ,          ,          ,            ,         ,         ,         ,            ,
       ,Exit Long  ,Enter Short,2020-12-09 13:00:00,564.61 ,168779.0103,-156964.48,-0        ,-0          ,102547424,0.13     ,11990061 ,0.06        ,5998406
154    ,Entry Short,Enter Short,2020-12-09 13:00:00,564.61 ,           ,          ,          ,            ,         ,         ,         ,            ,
       ,Exit Short ,Enter Long ,2020-12-15 13:00:00,584.09 ,180077.1352,-3507902.5,-0.03     ,-0.03       ,99039520 ,0.05     ,5314076.5,0.06        ,5814690.5
155    ,Entry Long ,Enter Long ,2020-12-15 13:00:00,584.09 ,           ,          ,          ,            ,         ,         ,         ,            ,
       ,Exit Long  ,Open       ,                   ,       ,           ,          ,          ,            ,         ,         ,         ,            ,