Trade #,Type       ,Signal     ,Date/Time          ,Price ,Contracts,Profit    ,ProfitPerc,ProfitEqPerc,ProfitEq ,RunUpPerc,RunUp    ,DrawdownPerc,Drawdown
1      ,Entry Short,Enter Short,2013-12-08 01:00:00,28.15 ,         ,          ,          ,            ,         ,         ,         ,            ,
       ,Exit Short ,Enter Long ,2013-12-27 13:00:00,23.13 ,38.91    ,195.33    ,0.18      ,0.2         ,195.33   ,0.7      ,765.46   ,0.3         ,328.79
2      ,Entry Long ,Enter Long ,2013-12-27 13:00:00,23.13 ,         ,          ,          ,            ,         ,         ,         ,            ,
       ,Exit Long  ,Enter Short,2014-01-11 13:00:00,25.01 ,48.62    ,91.41     ,0.08      ,0.08        ,286.73   ,0.35     ,395.13   ,0.05        ,54.45
3      ,Entry Short,Enter Short,2014-01-11 13:00:00,25.01 ,         ,          ,          ,            ,         ,         ,         ,            ,
       ,Exit Short ,Enter Long ,2014-01-12 01:00:00,25.78 ,50.89    ,-39.19    ,-0.03     ,-0.03       ,247.55   ,0        ,0.17     ,0.1         ,132.82
4      ,Entry Long ,Enter Long ,2014-01-12 01:00:00,25.78 ,         ,          ,          ,            ,         ,         ,         ,            ,
       ,Exit Long  ,Enter Short,2014-01-14 01:00:00,24.81 ,45.01    ,-43.66    ,-0.04     ,-0.03       ,203.89   ,0.03     ,30.16    ,0.07        ,80.12
5      ,Entry Short,Enter Short,2014-01-14 01:00:00,24.81 ,         ,          ,          ,            ,         ,         ,         ,            ,
       ,Exit Short ,Enter Long ,2014-03-05 13:00:00,16.49 ,48.08    ,400.03    ,0.34      ,0.33        ,603.91   ,0.55     ,657.66   ,0.03        ,33.18
6      ,Entry Long ,Enter Long ,2014-03-05 13:00:00,16.49 ,         ,          ,          ,            ,         ,         ,         ,            ,
       ,Exit Long  ,Enter Short,2014-03-22 13:00:00,16.26 ,96.98    ,-22.31    ,-0.01     ,-0.01       ,581.61   ,0.24     ,388.89   ,0.07        ,115.37
7      ,Entry Short,Enter Short,2014-03-22 13:00:00,16.26 ,         ,          ,          ,            ,         ,         ,         ,            ,
       ,Exit Short ,Enter Long ,2014-04-16 14:00:00,12.59 ,96.3     ,353.42    ,0.23      ,0.22        ,935.03   ,0.44     ,687.13   ,0.06        ,98.23
8      ,Entry Long ,Enter Long ,2014-04-16 14:00:00,12.59 ,         ,          ,          ,            ,         ,         ,         ,            ,
       ,Exit Long  ,Enter Short,2014-04-23 14:00:00,11.67 ,141      ,-129.72   ,-0.07     ,-0.07       ,805.31   ,0.07     ,126.15   ,0.6         ,1070.19
9      ,Entry Short,Enter Short,2014-04-23 14:00:00,11.67 ,         ,          ,          ,            ,         ,         ,         ,            ,
       ,Exit Short ,Enter Long ,2014-05-22 14:00:00,10.76 ,152.09   ,138.4     ,0.08      ,0.08        ,943.71   ,0.15     ,270.72   ,0.1         ,184.66
10     ,Entry Long ,Enter Long ,2014-05-22 14:00:00,10.76 ,         ,          ,          ,            ,         ,         ,         ,            ,
       ,Exit Long  ,Enter Short,2014-06-05 02:00:00,11.17 ,176.35   ,72.3      ,0.04      ,0.04        ,1016.02  ,0.18     ,342.12   ,0.11        ,211.6
11     ,Entry Short,Enter Short,2014-06-05 02:00:00,11.17 ,         ,          ,          ,            ,         ,         ,         ,            ,
       ,Exit Short ,Enter Long ,2014-10-21 14:00:00,3.98  ,178.72   ,1285      ,0.64      ,0.64        ,2301.01  ,0.7      ,1402.46  ,0.03        ,51.48
12     ,Entry Long ,Enter Long ,2014-10-21 14:00:00,3.98  ,         ,          ,          ,            ,         ,         ,         ,            ,
       ,Exit Long  ,Enter Short,2014-10-23 14:00:00,3.85  ,886.71   ,-115.27   ,-0.03     ,-0.03       ,2185.74  ,0        ,2.92     ,0.07        ,232.41
13     ,Entry Short,Enter Short,2014-10-23 14:00:00,3.85  ,         ,          ,          ,            ,         ,         ,         ,            ,
       ,Exit Short ,Enter Long ,2014-11-20 13:00:00,3.81  ,817.11   ,32.68     ,0.01      ,0.01        ,2218.42  ,0.2      ,626.7    ,0.1         ,325.23
14     ,Entry Long ,Enter Long ,2014-11-20 13:00:00,3.81  ,         ,          ,          ,            ,         ,         ,         ,            ,
       ,Exit Long  ,Enter Short,2014-12-03 13:00:00,3.56  ,889.78   ,-222.44   ,-0.07     ,-0.07       ,1995.98  ,0.03     ,113.11   ,0.12        ,405.36
15     ,Entry Short,Enter Short,2014-12-03 13:00:00,3.56  ,         ,          ,          ,            ,         ,         ,         ,            ,
       ,Exit Short ,Enter Long ,2015-02-03 01:00:00,2.09  ,833.12   ,1224.69   ,0.41      ,0.41        ,3220.67  ,0.66     ,1966.16  ,0.07        ,212
16     ,Entry Long ,Enter Long ,2015-02-03 01:00:00,2.09  ,         ,          ,          ,            ,         ,         ,         ,            ,
       ,Exit Long  ,Enter Short,2015-02-27 13:00:00,1.67  ,1905.94  ,-800.49   ,-0.2      ,-0.19       ,2420.17  ,0        ,0        ,0.28        ,1124.5
17     ,Entry Short,Enter Short,2015-02-27 13:00:00,1.67  ,         ,          ,          ,            ,         ,         ,         ,            ,
       ,Exit Short ,Enter Long ,2015-03-08 13:00:00,1.91  ,2043.46  ,-490.43   ,-0.14     ,-0.14       ,1929.74  ,0        ,0        ,0.21        ,726.63
18     ,Entry Long ,Enter Long ,2015-03-08 13:00:00,1.91  ,         ,          ,          ,            ,         ,         ,         ,            ,
       ,Exit Long  ,Enter Short,2015-03-19 13:00:00,1.81  ,1484.69  ,-148.47   ,-0.05     ,-0.05       ,1781.27  ,0.09     ,247.07   ,0.08        ,222.7
19     ,Entry Short,Enter Short,2015-03-19 13:00:00,1.81  ,         ,          ,          ,            ,         ,         ,         ,            ,
       ,Exit Short ,Enter Long ,2015-04-25 14:00:00,1.66  ,1522.7   ,228.41    ,0.08      ,0.08        ,2009.68  ,0.76     ,2086.08  ,0.71        ,1964.28
20     ,Entry Long ,Enter Long ,2015-04-25 14:00:00,1.66  ,         ,          ,          ,            ,         ,         ,         ,            ,
       ,Exit Long  ,Enter Short,2015-05-03 14:00:00,1.48  ,1490.35  ,-268.26   ,-0.11     ,-0.09       ,1741.41  ,4.12     ,10193.99 ,0.25        ,606.57
21     ,Entry Short,Enter Short,2015-05-03 14:00:00,1.48  ,         ,          ,          ,            ,         ,         ,         ,            ,
       ,Exit Short ,Enter Long ,2015-05-10 14:00:00,1.72  ,1833.27  ,-439.98   ,-0.16     ,-0.16       ,1301.43  ,0.07     ,186.85   ,1.12        ,3043.23
22     ,Entry Long ,Enter Long ,2015-05-10 14:00:00,1.72  ,         ,          ,          ,            ,         ,         ,         ,            ,
       ,Exit Long  ,Enter Short,2015-05-11 14:00:00,1.57  ,1264.07  ,-189.61   ,-0.09     ,-0.08       ,1111.82  ,0.16     ,353.94   ,0.15        ,316.02
23     ,Entry Short,Enter Short,2015-05-11 14:00:00,1.57  ,         ,          ,          ,            ,         ,         ,         ,            ,
       ,Exit Short ,Enter Long ,2015-05-25 02:00:00,1.76  ,1337.11  ,-254.05   ,-0.12     ,-0.12       ,857.77   ,0.08     ,173.77   ,0.21        ,441.25
24     ,Entry Long ,Enter Long ,2015-05-25 02:00:00,1.76  ,         ,          ,          ,            ,         ,         ,         ,            ,
       ,Exit Long  ,Enter Short,2015-07-14 02:00:00,4.74  ,1048.37  ,3124.14   ,1.69      ,1.68        ,3981.91  ,3.99     ,7371.2   ,0.07        ,136.29
25     ,Entry Short,Enter Short,2015-07-14 02:00:00,4.74  ,         ,          ,          ,            ,         ,         ,         ,            ,
       ,Exit Short ,Enter Long ,2015-07-28 02:00:00,4.57  ,1040.59  ,176.9     ,0.04      ,0.04        ,4158.81  ,0.3      ,1467.24  ,0.06        ,312.18
26     ,Entry Long ,Enter Long ,2015-07-28 02:00:00,4.57  ,         ,          ,          ,            ,         ,         ,         ,            ,
       ,Exit Long  ,Enter Short,2015-08-08 14:00:00,4.06  ,1069.31  ,-545.35   ,-0.11     ,-0.11       ,3613.46  ,0.13     ,622.14   ,0.14        ,694.69
27     ,Entry Short,Enter Short,2015-08-08 14:00:00,4.06  ,         ,          ,          ,            ,         ,         ,         ,            ,
       ,Exit Short ,Enter Long ,2015-09-12 14:00:00,2.97  ,1126.72  ,1228.12   ,0.27      ,0.27        ,4841.59  ,0.35     ,1593.68  ,0.04        ,173.39
28     ,Entry Long ,Enter Long ,2015-09-12 14:00:00,2.97  ,         ,          ,          ,            ,         ,         ,         ,            ,
       ,Exit Long  ,Enter Short,2015-09-13 14:00:00,2.85  ,1946.9   ,-233.63   ,-0.04     ,-0.04       ,4607.96  ,0        ,3.01     ,0.06        ,330.97
29     ,Entry Short,Enter Short,2015-09-13 14:00:00,2.85  ,         ,          ,          ,            ,         ,         ,         ,            ,
       ,Exit Short ,Enter Long ,2015-09-23 02:00:00,2.88  ,1948.39  ,-58.45    ,-0.01     ,-0.01       ,4549.51  ,0.1      ,564.84   ,0.05        ,292.26
30     ,Entry Long ,Enter Long ,2015-09-23 02:00:00,2.88  ,         ,          ,          ,            ,         ,         ,         ,            ,
       ,Exit Long  ,Enter Short,2015-10-20 14:00:00,3.01  ,1891.74  ,245.93    ,0.05      ,0.04        ,4795.43  ,0.18     ,1006.41  ,0.04        ,212.69
31     ,Entry Short,Enter Short,2015-10-20 14:00:00,3.01  ,         ,          ,          ,            ,         ,         ,         ,            ,
       ,Exit Short ,Enter Long ,2015-10-30 01:00:00,3.23  ,1906.09  ,-419.34   ,-0.07     ,-0.07       ,4376.09  ,0.02     ,89.97    ,0.26        ,1505.81
32     ,Entry Long ,Enter Long ,2015-10-30 01:00:00,3.23  ,         ,          ,          ,            ,         ,         ,         ,            ,
       ,Exit Long  ,Enter Short,2015-11-09 01:00:00,3.5   ,1475.68  ,398.43    ,0.08      ,0.07        ,4774.53  ,0.55     ,2630.4   ,0.07        ,324.63
33     ,Entry Short,Enter Short,2015-11-09 01:00:00,3.5   ,         ,          ,          ,            ,         ,         ,         ,            ,
       ,Exit Short ,Enter Long ,2015-11-26 13:00:00,3.36  ,1633.48  ,228.69    ,0.04      ,0.04        ,5003.21  ,0.18     ,1043.4   ,0.06        ,330.24
34     ,Entry Long ,Enter Long ,2015-11-26 13:00:00,3.36  ,         ,          ,          ,            ,         ,         ,         ,            ,
       ,Exit Long  ,Enter Short,2015-12-05 13:00:00,3.42  ,1566.04  ,93.96     ,0.02      ,0.02        ,5097.18  ,0.12     ,610.76   ,0.02        ,104.88
35     ,Entry Short,Enter Short,2015-12-05 13:00:00,3.42  ,         ,          ,          ,            ,         ,         ,         ,            ,
       ,Exit Short ,Enter Long ,2015-12-07 13:00:00,3.51  ,1763.69  ,-158.73   ,-0.03     ,-0.03       ,4938.44  ,0.01     ,55.89    ,0.05        ,306.11
36     ,Entry Long ,Enter Long ,2015-12-07 13:00:00,3.51  ,         ,          ,          ,            ,         ,         ,         ,            ,
       ,Exit Long  ,Enter Short,2015-12-22 13:00:00,3.52  ,1602.23  ,16.02     ,0         ,0           ,4954.47  ,0.08     ,464.65   ,0.03        ,144.2
37     ,Entry Short,Enter Short,2015-12-22 13:00:00,3.52  ,         ,          ,          ,            ,         ,         ,         ,            ,
       ,Exit Short ,Enter Long ,2016-01-08 13:00:00,3.52  ,1675.26  ,0         ,0         ,0           ,4954.47  ,0.03     ,182.03   ,0.05        ,276.07
38     ,Entry Long ,Enter Long ,2016-01-08 13:00:00,3.52  ,         ,          ,          ,            ,         ,         ,         ,            ,
       ,Exit Long  ,Enter Short,2016-01-15 13:00:00,3.46  ,1665.02  ,-99.9     ,-0.02     ,-0.02       ,4854.57  ,0.04     ,218.97   ,0.06        ,333
39     ,Entry Short,Enter Short,2016-01-15 13:00:00,3.46  ,         ,          ,          ,            ,         ,         ,         ,            ,
       ,Exit Short ,Enter Long ,2016-01-28 13:00:00,3.21  ,1675.38  ,418.85    ,0.07      ,0.07        ,5273.41  ,0.15     ,854.44   ,0           ,0
40     ,Entry Long ,Enter Long ,2016-01-28 13:00:00,3.21  ,         ,          ,          ,            ,         ,         ,         ,            ,
       ,Exit Long  ,Enter Short,2016-01-30 13:00:00,3.13  ,1937.41  ,-154.99   ,-0.02     ,-0.02       ,5118.42  ,0        ,9.32     ,0.06        ,385.35
41     ,Entry Short,Enter Short,2016-01-30 13:00:00,3.13  ,         ,          ,          ,            ,         ,         ,         ,            ,
       ,Exit Short ,Enter Long ,2016-02-06 13:00:00,3.11  ,1935.19  ,38.7      ,0.01      ,0.01        ,5157.12  ,0.04     ,249.64   ,0.03        ,189.53
42     ,Entry Long ,Enter Long ,2016-02-06 13:00:00,3.11  ,         ,          ,          ,            ,         ,         ,         ,            ,
       ,Exit Long  ,Enter Short,2016-02-09 01:00:00,3.03  ,1999.03  ,-159.92   ,-0.03     ,-0.03       ,4997.2   ,0.01     ,33.18    ,0.06        ,355.25
43     ,Entry Short,Enter Short,2016-02-09 01:00:00,3.03  ,         ,          ,          ,            ,         ,         ,         ,            ,
       ,Exit Short ,Enter Long ,2016-02-15 01:00:00,3.11  ,1959.35  ,-156.75   ,-0.03     ,-0.03       ,4840.45  ,0.04     ,257.99   ,0.05        ,290.77
44     ,Entry Long ,Enter Long ,2016-02-15 01:00:00,3.11  ,         ,          ,          ,            ,         ,         ,         ,            ,
       ,Exit Long  ,Enter Short,2016-03-03 13:00:00,3.26  ,1849.61  ,277.44    ,0.05      ,0.05        ,5117.89  ,0.14     ,807.74   ,0.07        ,404.38
45     ,Entry Short,Enter Short,2016-03-03 13:00:00,3.26  ,         ,          ,          ,            ,         ,         ,         ,            ,
       ,Exit Short ,Enter Long ,2016-03-11 13:00:00,3.28  ,1858.09  ,-37.16    ,-0.01     ,-0.01       ,5080.73  ,0.19     ,1167.66  ,0.03        ,167.23
46     ,Entry Long ,Enter Long ,2016-03-11 13:00:00,3.28  ,         ,          ,          ,            ,         ,         ,         ,            ,
       ,Exit Long  ,Enter Short,2016-03-14 13:00:00,3.21  ,1805.09  ,-126.36   ,-0.02     ,-0.02       ,4954.38  ,0.04     ,244.5    ,0.11        ,667.88
47     ,Entry Short,Enter Short,2016-03-14 13:00:00,3.21  ,         ,          ,          ,            ,         ,         ,         ,            ,
       ,Exit Short ,Enter Long ,2016-03-17 13:00:00,3.27  ,1836.65  ,-110.2    ,-0.02     ,-0.02       ,4844.18  ,0.07     ,385.7    ,0.04        ,220.29
48     ,Entry Long ,Enter Long ,2016-03-17 13:00:00,3.27  ,         ,          ,          ,            ,         ,         ,         ,            ,
       ,Exit Long  ,Enter Short,2016-03-20 01:00:00,3.19  ,1739.72  ,-139.18   ,-0.02     ,-0.02       ,4705     ,0.02     ,104.23   ,0.05        ,272.88
49     ,Entry Short,Enter Short,2016-03-20 01:00:00,3.19  ,         ,          ,          ,            ,         ,         ,         ,            ,
       ,Exit Short ,Enter Long ,2016-03-28 02:00:00,3.24  ,1770.63  ,-88.53    ,-0.02     ,-0.02       ,4616.47  ,0.26     ,1440.51  ,0.04        ,252.49
50     ,Entry Long ,Enter Long ,2016-03-28 02:00:00,3.24  ,         ,          ,          ,            ,         ,         ,         ,            ,
       ,Exit Long  ,Enter Short,2016-04-10 14:00:00,3.23  ,1684.55  ,-16.85    ,-0        ,-0          ,4599.62  ,0.03     ,146.34   ,0.1         ,565.03
51     ,Entry Short,Enter Short,2016-04-10 14:00:00,3.23  ,         ,          ,          ,            ,         ,         ,         ,            ,
       ,Exit Short ,Enter Long ,2016-04-13 02:00:00,3.26  ,1716.54  ,-51.5     ,-0.01     ,-0.01       ,4548.13  ,0.01     ,68.66    ,0.03        ,149.85
52     ,Entry Long ,Enter Long ,2016-04-13 02:00:00,3.26  ,         ,          ,          ,            ,         ,         ,         ,            ,
       ,Exit Long  ,Enter Short,2016-04-15 14:00:00,3.22  ,1667.92  ,-66.72    ,-0.01     ,-0.01       ,4481.41  ,0        ,0.57     ,0.02        ,97.96
53     ,Entry Short,Enter Short,2016-04-15 14:00:00,3.22  ,         ,          ,          ,            ,         ,         ,         ,            ,
       ,Exit Short ,Enter Long ,2016-04-16 02:00:00,3.25  ,1685.26  ,-50.56    ,-0.01     ,-0.01       ,4430.85  ,0        ,0        ,0.02        ,134.1
54     ,Entry Long ,Enter Long ,2016-04-16 02:00:00,3.25  ,         ,          ,          ,            ,         ,         ,         ,            ,
       ,Exit Long  ,Enter Short,2016-05-04 14:00:00,3.74  ,1626.56  ,797.01    ,0.15      ,0.15        ,5227.86  ,0.35     ,1838.01  ,0.07        ,386.15
55     ,Entry Short,Enter Short,2016-05-04 14:00:00,3.74  ,         ,          ,          ,            ,         ,         ,         ,            ,
       ,Exit Short ,Enter Long ,2016-05-06 02:00:00,3.74  ,1648.32  ,0         ,0         ,0           ,5227.86  ,0.01     ,82.19    ,0.02        ,133.48
56     ,Entry Long ,Enter Long ,2016-05-06 02:00:00,3.74  ,         ,          ,          ,            ,         ,         ,         ,            ,
       ,Exit Long  ,Enter Short,2016-05-20 14:00:00,3.83  ,1658.63  ,149.28    ,0.02      ,0.02        ,5377.14  ,0.29     ,1804.41  ,0.07        ,414.64
57     ,Entry Short,Enter Short,2016-05-20 14:00:00,3.83  ,         ,          ,          ,            ,         ,         ,         ,            ,
       ,Exit Short ,Enter Long ,2016-05-26 02:00:00,3.95  ,1648.48  ,-197.82   ,-0.03     ,-0.03       ,5179.32  ,0.02     ,157.45   ,0.04        ,280.24
58     ,Entry Long ,Enter Long ,2016-05-26 02:00:00,3.95  ,         ,          ,          ,            ,         ,         ,         ,            ,
       ,Exit Long  ,Enter Short,2016-06-22 14:00:00,4.92  ,1540.49  ,1494.28   ,0.25      ,0.24        ,6673.6   ,0.58     ,3543.13  ,0           ,9.23
59     ,Entry Short,Enter Short,2016-06-22 14:00:00,4.92  ,         ,          ,          ,            ,         ,         ,         ,            ,
       ,Exit Short ,Enter Long ,2016-07-04 02:00:00,4.36  ,1544.3   ,864.81    ,0.11      ,0.11        ,7538.41  ,0.27     ,2058.49  ,0.01        ,78.39
60     ,Entry Long ,Enter Long ,2016-07-04 02:00:00,4.36  ,         ,          ,          ,            ,         ,         ,         ,            ,
       ,Exit Long  ,Enter Short,2016-07-08 14:00:00,4.16  ,2013.74  ,-402.75   ,-0.05     ,-0.05       ,7135.66  ,0.04     ,382.53   ,0.09        ,825.63
61     ,Entry Short,Enter Short,2016-07-08 14:00:00,4.16  ,         ,          ,          ,            ,         ,         ,         ,            ,
       ,Exit Short ,Enter Long ,2016-08-24 02:00:00,3.84  ,1935.08  ,619.23    ,0.08      ,0.08        ,7754.89  ,0.19     ,1548.06  ,0.02        ,174.16
62     ,Entry Long ,Enter Long ,2016-08-24 02:00:00,3.84  ,         ,          ,          ,            ,         ,         ,         ,            ,
       ,Exit Long  ,Enter Short,2016-08-31 14:00:00,3.73  ,2123.57  ,-233.59   ,-0.03     ,-0.03       ,7521.29  ,0.04     ,354.55   ,0.12        ,961.43
63     ,Entry Short,Enter Short,2016-08-31 14:00:00,3.73  ,         ,          ,          ,            ,         ,         ,         ,            ,
       ,Exit Short ,Enter Long ,2016-09-02 14:00:00,3.8   ,2262.91  ,-158.4    ,-0.02     ,-0.02       ,7362.89  ,0.02     ,177.46   ,0.07        ,565.59
64     ,Entry Long ,Enter Long ,2016-09-02 14:00:00,3.8   ,         ,          ,          ,            ,         ,         ,         ,            ,
       ,Exit Long  ,Enter Short,2016-09-13 14:00:00,3.85  ,2169.01  ,108.45    ,0.01      ,0.01        ,7471.34  ,0.07     ,536.11   ,0.01        ,62.1
65     ,Entry Short,Enter Short,2016-09-13 14:00:00,3.85  ,         ,          ,          ,            ,         ,         ,         ,            ,
       ,Exit Short ,Enter Long ,2016-09-28 02:00:00,3.86  ,2178.44  ,-21.78    ,-0        ,-0          ,7449.55  ,0.03     ,283.18   ,0.05        ,382.4
66     ,Entry Long ,Enter Long ,2016-09-28 02:00:00,3.86  ,         ,          ,          ,            ,         ,         ,         ,            ,
       ,Exit Long  ,Enter Short,2016-10-07 02:00:00,3.82  ,2157.1   ,-86.28    ,-0.01     ,-0.01       ,7363.27  ,0.01     ,50.93    ,0.02        ,191.46
67     ,Entry Short,Enter Short,2016-10-07 02:00:00,3.82  ,         ,          ,          ,            ,         ,         ,         ,            ,
       ,Exit Short ,Enter Long ,2016-10-08 14:00:00,3.85  ,2167.44  ,-65.02    ,-0.01     ,-0.01       ,7298.25  ,0        ,0        ,0.02        ,137.83
68     ,Entry Long ,Enter Long ,2016-10-08 14:00:00,3.85  ,         ,          ,          ,            ,         ,         ,         ,            ,
       ,Exit Long  ,Enter Short,2016-10-10 14:00:00,3.82  ,2118.88  ,-63.57    ,-0.01     ,-0.01       ,7234.68  ,0.01     ,71.22    ,0.02        ,134.02
69     ,Entry Short,Enter Short,2016-10-10 14:00:00,3.82  ,         ,          ,          ,            ,         ,         ,         ,            ,
       ,Exit Short ,Enter Long ,2016-10-14 02:00:00,3.88  ,2134.29  ,-128.06   ,-0.02     ,-0.02       ,7106.62  ,0.01     ,100.76   ,0.03        ,236.29
70     ,Entry Long ,Enter Long ,2016-10-14 02:00:00,3.88  ,         ,          ,          ,            ,         ,         ,         ,            ,
       ,Exit Long  ,Enter Short,2016-10-20 02:00:00,3.82  ,2034.58  ,-122.07   ,-0.02     ,-0.02       ,6984.55  ,0.01     ,112.55   ,0.03        ,264.33
71     ,Entry Short,Enter Short,2016-10-20 02:00:00,3.82  ,         ,          ,          ,            ,         ,         ,         ,            ,
       ,Exit Short ,Enter Long ,2016-10-24 02:00:00,3.9   ,2069.61  ,-165.57   ,-0.02     ,-0.02       ,6818.98  ,0.02     ,142.84   ,0.03        ,247.01
72     ,Entry Long ,Enter Long ,2016-10-24 02:00:00,3.9   ,         ,          ,          ,            ,         ,         ,         ,            ,
       ,Exit Long  ,Enter Short,2016-11-05 13:00:00,3.87  ,1980.27  ,-59.41    ,-0.01     ,-0.01       ,6759.57  ,0.08     ,594.04   ,0.13        ,1015.58
73     ,Entry Short,Enter Short,2016-11-05 13:00:00,3.87  ,         ,          ,          ,            ,         ,         ,         ,            ,
       ,Exit Short ,Enter Long ,2016-11-17 01:00:00,3.92  ,1985.19  ,-99.26    ,-0.01     ,-0.01       ,6660.31  ,0.06     ,439.92   ,0.03        ,234.05
74     ,Entry Long ,Enter Long ,2016-11-17 01:00:00,3.92  ,         ,          ,          ,            ,         ,         ,         ,            ,
       ,Exit Long  ,Enter Short,2016-11-26 01:00:00,3.88  ,1914.23  ,-76.57    ,-0.01     ,-0.01       ,6583.74  ,0.06     ,440.27   ,0.03        ,191.4
75     ,Entry Short,Enter Short,2016-11-26 01:00:00,3.88  ,         ,          ,          ,            ,         ,         ,         ,            ,
       ,Exit Short ,Enter Long ,2016-12-03 13:00:00,3.91  ,1935.15  ,-58.05    ,-0.01     ,-0.01       ,6525.69  ,0.02     ,116.11   ,0.01        ,106.72
76     ,Entry Long ,Enter Long ,2016-12-03 13:00:00,3.91  ,         ,          ,          ,            ,         ,         ,         ,            ,
       ,Exit Long  ,Enter Short,2016-12-05 13:00:00,3.78  ,1895.45  ,-246.41   ,-0.03     ,-0.03       ,6279.28  ,0.01     ,47.44    ,0.13        ,991.05
77     ,Entry Short,Enter Short,2016-12-05 13:00:00,3.78  ,         ,          ,          ,            ,         ,         ,         ,            ,
       ,Exit Short ,Enter Long ,2016-12-19 01:00:00,3.71  ,1907.58  ,133.53    ,0.02      ,0.02        ,6412.81  ,0.09     ,629.5    ,0           ,0.73
78     ,Entry Long ,Enter Long ,2016-12-19 01:00:00,3.71  ,         ,          ,          ,            ,         ,         ,         ,            ,
       ,Exit Long  ,Enter Short,2016-12-22 01:00:00,3.63  ,1971.08  ,-157.69   ,-0.02     ,-0.02       ,6255.12  ,0        ,15.99    ,0.03        ,191.1
79     ,Entry Short,Enter Short,2016-12-22 01:00:00,3.63  ,         ,          ,          ,            ,         ,         ,         ,            ,
       ,Exit Short ,Enter Long ,2016-12-23 13:00:00,3.68  ,1978.72  ,-98.94    ,-0.01     ,-0.01       ,6156.19  ,0.01     ,97.45    ,0.04        ,309.16
80     ,Entry Long ,Enter Long ,2016-12-23 13:00:00,3.68  ,         ,          ,          ,            ,         ,         ,         ,            ,
       ,Exit Long  ,Enter Short,2017-01-07 01:00:00,4.08  ,1898.69  ,759.48    ,0.11      ,0.11        ,6915.66  ,0.32     ,2221.47  ,0           ,0
81     ,Entry Short,Enter Short,2017-01-07 01:00:00,4.08  ,         ,          ,          ,            ,         ,         ,         ,            ,
       ,Exit Short ,Enter Long ,2017-01-30 13:00:00,3.88  ,1923.01  ,384.6     ,0.05      ,0.05        ,7300.27  ,0.11     ,865.35   ,0.15        ,1153.81
82     ,Entry Long ,Enter Long ,2017-01-30 13:00:00,3.88  ,         ,          ,          ,            ,         ,         ,         ,            ,
       ,Exit Long  ,Enter Short,2017-02-07 13:00:00,3.96  ,2119.79  ,169.58    ,0.02      ,0.02        ,7469.85  ,0.21     ,1717.03  ,0           ,3.2
83     ,Entry Short,Enter Short,2017-02-07 13:00:00,3.96  ,         ,          ,          ,            ,         ,         ,         ,            ,
       ,Exit Short ,Enter Long ,2017-02-18 13:00:00,3.88  ,2117.51  ,169.4     ,0.02      ,0.02        ,7639.25  ,0.1      ,804.65   ,0.02        ,144.29
84     ,Entry Long ,Enter Long ,2017-02-18 13:00:00,3.88  ,         ,          ,          ,            ,         ,         ,         ,            ,
       ,Exit Long  ,Enter Short,2017-02-20 01:00:00,3.8   ,2190.92  ,-175.27   ,-0.02     ,-0.02       ,7463.98  ,0        ,0.49     ,0.05        ,392.15
85     ,Entry Short,Enter Short,2017-02-20 01:00:00,3.8   ,         ,          ,          ,            ,         ,         ,         ,            ,
       ,Exit Short ,Enter Long ,2017-02-23 13:00:00,3.89  ,2205.34  ,-198.48   ,-0.02     ,-0.02       ,7265.5   ,0.01     ,110.16   ,0.03        ,247.77
86     ,Entry Long ,Enter Long ,2017-02-23 13:00:00,3.89  ,         ,          ,          ,            ,         ,         ,         ,            ,
       ,Exit Long  ,Enter Short,2017-03-01 01:00:00,3.82  ,2080.89  ,-145.66   ,-0.02     ,-0.02       ,7119.83  ,0.02     ,194.98   ,0.03        ,270.52
87     ,Entry Short,Enter Short,2017-03-01 01:00:00,3.82  ,         ,          ,          ,            ,         ,         ,         ,            ,
       ,Exit Short ,Enter Long ,2017-03-03 01:00:00,3.91  ,2104.5   ,-189.41   ,-0.02     ,-0.02       ,6930.43  ,0.02     ,126.27   ,0.11        ,863.75
88     ,Entry Long ,Enter Long ,2017-03-03 01:00:00,3.91  ,         ,          ,          ,            ,         ,         ,         ,            ,
       ,Exit Long  ,Enter Short,2017-03-10 01:00:00,3.88  ,1936.41  ,-58.09    ,-0.01     ,-0.01       ,6872.34  ,0.05     ,408.51   ,0.03        ,251.73
89     ,Entry Short,Enter Short,2017-03-10 01:00:00,3.88  ,         ,          ,          ,            ,         ,         ,         ,            ,
       ,Exit Short ,Enter Long ,2017-03-14 13:00:00,4.13  ,2008.47  ,-502.12   ,-0.06     ,-0.06       ,6370.22  ,0.05     ,401.69   ,0.15        ,1186.64
90     ,Entry Long ,Enter Long ,2017-03-14 13:00:00,4.13  ,         ,          ,          ,            ,         ,         ,         ,            ,
       ,Exit Long  ,Enter Short,2017-03-20 01:00:00,3.92  ,1637.1   ,-343.79   ,-0.05     ,-0.05       ,6026.43  ,0.08     ,556.61   ,0.09        ,604.09
91     ,Entry Short,Enter Short,2017-03-20 01:00:00,3.92  ,         ,          ,          ,            ,         ,         ,         ,            ,
       ,Exit Short ,Enter Long ,2017-03-25 01:00:00,4.1   ,1776.7   ,-319.81   ,-0.05     ,-0.05       ,5706.62  ,0.08     ,533.01   ,0.15        ,1012.72
92     ,Entry Long ,Enter Long ,2017-03-25 01:00:00,4.1   ,         ,          ,          ,            ,         ,         ,         ,            ,
       ,Exit Long  ,Enter Short,2017-04-21 02:00:00,10.72 ,1551.08  ,10268.15  ,1.61      ,1.53        ,15974.77 ,2.36     ,14998.93 ,0.07        ,434.3
93     ,Entry Short,Enter Short,2017-04-21 02:00:00,10.72 ,         ,          ,          ,            ,         ,         ,         ,            ,
       ,Exit Short ,Enter Long ,2017-04-22 02:00:00,11.61 ,1567.17  ,-1394.78  ,-0.08     ,-0.08       ,14579.99 ,0        ,0        ,0.17        ,2820.91
94     ,Entry Long ,Enter Long ,2017-04-22 02:00:00,11.61 ,         ,          ,          ,            ,         ,         ,         ,            ,
       ,Exit Long  ,Enter Short,2017-05-16 14:00:00,25.73 ,1212.84  ,17125.3   ,1.22      ,1.1         ,31705.29 ,2.31     ,32479.83 ,0           ,0
95     ,Entry Short,Enter Short,2017-05-16 14:00:00,25.73 ,         ,          ,          ,            ,         ,         ,         ,            ,
       ,Exit Short ,Enter Long ,2017-05-25 02:00:00,30.91 ,1262.54  ,-6539.96  ,-0.2      ,-0.2        ,25165.33 ,0.2      ,6539.96  ,0.34        ,11198.72
96     ,Entry Long ,Enter Long ,2017-05-25 02:00:00,30.91 ,         ,          ,          ,            ,         ,         ,         ,            ,
       ,Exit Long  ,Enter Short,2017-05-28 02:00:00,23.71 ,731.56   ,-5267.23  ,-0.23     ,-0.2        ,19898.1  ,0.11     ,2503.83  ,0.43        ,9810.22
97     ,Entry Short,Enter Short,2017-05-28 02:00:00,23.71 ,         ,          ,          ,            ,         ,         ,         ,            ,
       ,Exit Short ,Enter Long ,2017-06-03 02:00:00,27.46 ,884.1    ,-3315.38  ,-0.16     ,-0.16       ,16582.73 ,0.11     ,2280.98  ,0.25        ,5295.76
98     ,Entry Long ,Enter Long ,2017-06-03 02:00:00,27.46 ,         ,          ,          ,            ,         ,         ,         ,            ,
       ,Exit Long  ,Enter Short,2017-06-16 02:00:00,27.93 ,625.39   ,293.93    ,0.02      ,0.02        ,16876.66 ,0.23     ,3978.08  ,0.15        ,2517.19
99     ,Entry Short,Enter Short,2017-06-16 02:00:00,27.93 ,         ,          ,          ,            ,         ,         ,         ,            ,
       ,Exit Short ,Enter Long ,2017-06-17 14:00:00,33.31 ,634.02   ,-3411.03  ,-0.19     ,-0.19       ,13465.63 ,0        ,1.68     ,0.42        ,7525.81
100    ,Entry Long ,Enter Long ,2017-06-17 14:00:00,33.31 ,         ,          ,          ,            ,         ,         ,         ,            ,
       ,Exit Long  ,Enter Short,2017-06-27 14:00:00,37.95 ,342.47   ,1589.06   ,0.14      ,0.11        ,15054.69 ,0.53     ,6058.29  ,0.01        ,106.17
101    ,Entry Short,Enter Short,2017-06-27 14:00:00,37.95 ,         ,          ,          ,            ,         ,         ,         ,            ,
       ,Exit Short ,Enter Long ,2017-07-04 02:00:00,43.64 ,421.13   ,-2396.23  ,-0.15     ,-0.15       ,12658.46 ,0.12     ,1874.02  ,0.26        ,4105.9
102    ,Entry Long ,Enter Long ,2017-07-04 02:00:00,43.64 ,         ,          ,          ,            ,         ,         ,         ,            ,
       ,Exit Long  ,Enter Short,2017-07-12 14:00:00,45.08 ,272.75   ,392.76    ,0.03      ,0.03        ,13051.22 ,0.3      ,3581.2   ,0.06        ,678.55
103    ,Entry Short,Enter Short,2017-07-12 14:00:00,45.08 ,         ,          ,          ,            ,         ,         ,         ,            ,
       ,Exit Short ,Enter Long ,2017-07-22 02:00:00,44.76 ,308.82   ,98.82     ,0.01      ,0.01        ,13150.05 ,0.22     ,3112.91  ,0.08        ,1133.37
104    ,Entry Long ,Enter Long ,2017-07-22 02:00:00,44.76 ,         ,          ,          ,            ,         ,         ,         ,            ,
       ,Exit Long  ,Enter Short,2017-07-27 02:00:00,41.99 ,306.28   ,-848.4    ,-0.06     ,-0.06       ,12301.65 ,0.06     ,801.34   ,0.12        ,1585.43
105    ,Entry Short,Enter Short,2017-07-27 02:00:00,41.99 ,         ,          ,          ,            ,         ,         ,         ,            ,
       ,Exit Short ,Enter Long ,2017-08-03 14:00:00,42.37 ,313.66   ,-119.19   ,-0.01     ,-0.01       ,12182.46 ,0.09     ,1173.09  ,0.07        ,944.12
106    ,Entry Long ,Enter Long ,2017-08-03 14:00:00,42.37 ,         ,          ,          ,            ,         ,         ,         ,            ,
       ,Exit Long  ,Enter Short,2017-08-15 14:00:00,44.98 ,308.47   ,805.11    ,0.06      ,0.06        ,12987.57 ,0.23     ,2970.57  ,0.02        ,231.35
107    ,Entry Short,Enter Short,2017-08-15 14:00:00,44.98 ,         ,          ,          ,            ,         ,         ,         ,            ,
       ,Exit Short ,Enter Long ,2017-08-21 14:00:00,46.02 ,307.91   ,-320.23   ,-0.02     ,-0.02       ,12667.34 ,0.07     ,917.57   ,0.07        ,929.89
108    ,Entry Long ,Enter Long ,2017-08-21 14:00:00,46.02 ,         ,          ,          ,            ,         ,         ,         ,            ,
       ,Exit Long  ,Enter Short,2017-09-11 02:00:00,69.65 ,287.09   ,6783.94   ,0.51      ,0.5         ,19451.28 ,1.06     ,14060.66 ,0.04        ,579.92
109    ,Entry Short,Enter Short,2017-09-11 02:00:00,69.65 ,         ,          ,          ,            ,         ,         ,         ,            ,
       ,Exit Short ,Enter Long ,2017-09-28 02:00:00,54.19 ,290.85   ,4496.54   ,0.22      ,0.22        ,23947.82 ,0.5      ,10045.67 ,0.04        ,858.01
110    ,Entry Long ,Enter Long ,2017-09-28 02:00:00,54.19 ,         ,          ,          ,            ,         ,         ,         ,            ,
       ,Exit Long  ,Enter Short,2017-10-05 02:00:00,51.98 ,435.93   ,-963.41   ,-0.04     ,-0.04       ,22984.41 ,0.07     ,1647.82  ,0.07        ,1756.8
111    ,Entry Short,Enter Short,2017-10-05 02:00:00,51.98 ,         ,          ,          ,            ,         ,         ,         ,            ,
       ,Exit Short ,Enter Long ,2017-10-13 14:00:00,56.09 ,457.05   ,-1878.48  ,-0.08     ,-0.08       ,21105.94 ,0.07     ,1768.78  ,0.18        ,4227.71
112    ,Entry Long ,Enter Long ,2017-10-13 14:00:00,56.09 ,         ,          ,          ,            ,         ,         ,         ,            ,
       ,Exit Long  ,Enter Short,2017-10-23 02:00:00,57.5  ,356.39   ,502.51    ,0.03      ,0.02        ,21608.45 ,0.24     ,4821.96  ,0.06        ,1101.25
113    ,Entry Short,Enter Short,2017-10-23 02:00:00,57.5  ,         ,          ,          ,            ,         ,         ,         ,            ,
       ,Exit Short ,Enter Long ,2017-11-08 01:00:00,56.78 ,389.68   ,280.57    ,0.01      ,0.01        ,21889.02 ,0.12     ,2727.76  ,0.1         ,2338.08
114    ,Entry Long ,Enter Long ,2017-11-08 01:00:00,56.78 ,         ,          ,          ,            ,         ,         ,         ,            ,
       ,Exit Long  ,Enter Short,2017-12-24 01:00:00,278.6 ,373.86   ,82929.63  ,3.91      ,3.62        ,104818.64,5.5      ,116726.57,0.02        ,373.86
115    ,Entry Short,Enter Short,2017-12-24 01:00:00,278.6 ,         ,          ,          ,            ,         ,         ,         ,            ,
       ,Exit Short ,Enter Long ,2018-01-06 13:00:00,257.74,375.84   ,7840.02   ,0.07      ,0.07        ,112658.66,0.27     ,28714.18 ,0.08        ,8042.98
116    ,Entry Long ,Enter Long ,2018-01-06 13:00:00,257.74,         ,          ,          ,            ,         ,         ,         ,            ,
       ,Exit Long  ,Enter Short,2018-01-13 01:00:00,242.48,398.47   ,-6080.65  ,-0.06     ,-0.05       ,106578.02,0.18     ,18831.69 ,0.16        ,16624.17
117    ,Entry Short,Enter Short,2018-01-13 01:00:00,242.48,         ,          ,          ,            ,         ,         ,         ,            ,
       ,Exit Short ,Enter Long ,2018-02-10 13:00:00,157.39,440.04   ,37443     ,0.35      ,0.35        ,144021.02,0.58     ,62256.86 ,0.15        ,16510.3
118    ,Entry Long ,Enter Long ,2018-02-10 13:00:00,157.39,         ,          ,          ,            ,         ,         ,         ,            ,
       ,Exit Long  ,Enter Short,2018-02-25 01:00:00,204.24,860.52   ,40315.36  ,0.3       ,0.28        ,184336.38,0.61     ,81955.92 ,0.11        ,14319.05
119    ,Entry Short,Enter Short,2018-02-25 01:00:00,204.24,         ,          ,          ,            ,         ,         ,         ,            ,
       ,Exit Short ,Enter Long ,2018-02-26 13:00:00,220.59,898.71   ,-14693.91 ,-0.08     ,-0.08       ,169642.47,0.02     ,3801.54  ,0.28        ,51909.49
120    ,Entry Long ,Enter Long ,2018-02-26 13:00:00,220.59,         ,          ,          ,            ,         ,         ,         ,            ,
       ,Exit Long  ,Enter Short,2018-03-02 01:00:00,208.93,693.78   ,-8089.47  ,-0.05     ,-0.05       ,161553   ,0.04     ,6528.47  ,0.09        ,14076.8
121    ,Entry Short,Enter Short,2018-03-02 01:00:00,208.93,         ,          ,          ,            ,         ,         ,         ,            ,
       ,Exit Short ,Enter Long ,2018-04-13 14:00:00,125.62,769.87   ,64137.87  ,0.4       ,0.39        ,225690.86,0.48     ,76933.11 ,0.04        ,7059.71
122    ,Entry Long ,Enter Long ,2018-04-13 14:00:00,125.62,         ,          ,          ,            ,         ,         ,         ,            ,
       ,Exit Long  ,Enter Short,2018-05-02 14:00:00,147.85,1711.31  ,38042.42  ,0.18      ,0.17        ,263733.28,0.32     ,69462.07 ,0.01        ,1916.67
123    ,Entry Short,Enter Short,2018-05-02 14:00:00,147.85,         ,          ,          ,            ,         ,         ,         ,            ,
       ,Exit Short ,Enter Long ,2018-05-04 02:00:00,153.88,1772.44  ,-10687.81 ,-0.04     ,-0.04       ,253045.47,0.01     ,2392.79  ,0.12        ,30202.38
124    ,Entry Long ,Enter Long ,2018-05-04 02:00:00,153.88,         ,          ,          ,            ,         ,         ,         ,            ,
       ,Exit Long  ,Enter Short,2018-05-11 02:00:00,155.38,1563.42  ,2345.13   ,0.01      ,0.01        ,255390.61,0.19     ,46417.94 ,0.04        ,9708.84
125    ,Entry Short,Enter Short,2018-05-11 02:00:00,155.38,         ,          ,          ,            ,         ,         ,         ,            ,
       ,Exit Short ,Enter Long ,2018-06-04 02:00:00,124.6 ,1635.09  ,50328.07  ,0.2       ,0.2         ,305718.7 ,0.3      ,75263.2  ,0           ,5.16
126    ,Entry Long ,Enter Long ,2018-06-04 02:00:00,124.6 ,         ,          ,          ,            ,         ,         ,         ,            ,
       ,Exit Long  ,Enter Short,2018-06-09 02:00:00,119.98,2394.25  ,-11061.43 ,-0.04     ,-0.04       ,294657.25,0.02     ,5195.52  ,0.07        ,20542.66
127    ,Entry Short,Enter Short,2018-06-09 02:00:00,119.98,         ,          ,          ,            ,         ,         ,         ,            ,
       ,Exit Short ,Enter Long ,2018-07-04 02:00:00,84.96 ,2439.95  ,85447.05  ,0.29      ,0.29        ,380104.28,0.4      ,115653.63,0.01        ,2025.16
128    ,Entry Long ,Enter Long ,2018-07-04 02:00:00,84.96 ,         ,          ,          ,            ,         ,         ,         ,            ,
       ,Exit Long  ,Enter Short,2018-07-10 14:00:00,79.89 ,4364.62  ,-22128.62 ,-0.06     ,-0.06       ,357975.66,0.05     ,18636.93 ,0.12        ,44781
129    ,Entry Short,Enter Short,2018-07-10 14:00:00,79.89 ,         ,          ,          ,            ,         ,         ,         ,            ,
       ,Exit Short ,Enter Long ,2018-07-18 02:00:00,83.71 ,4452.03  ,-17006.75 ,-0.05     ,-0.05       ,340968.9 ,0.07     ,24664.25 ,0.13        ,46033.99
130    ,Entry Long ,Enter Long ,2018-07-18 02:00:00,83.71 ,         ,          ,          ,            ,         ,         ,         ,            ,
       ,Exit Long  ,Enter Short,2018-07-29 14:00:00,83.95 ,3871.96  ,929.27    ,0         ,0           ,341898.2 ,0.13     ,41701.01 ,0.05        ,17152.78
131    ,Entry Short,Enter Short,2018-07-29 14:00:00,83.95 ,         ,          ,          ,            ,         ,         ,         ,            ,
       ,Exit Short ,Enter Long ,2018-08-27 02:00:00,57.18 ,4043.36  ,108240.75 ,0.32      ,0.32        ,450138.94,0.41     ,139859.83,0.01        ,2587.75
132    ,Entry Long ,Enter Long ,2018-08-27 02:00:00,57.18 ,         ,          ,          ,            ,         ,         ,         ,            ,
       ,Exit Long  ,Enter Short,2018-09-07 14:00:00,57.18 ,7849.25  ,0         ,0         ,0           ,450138.94,0.21     ,94897.43 ,0.06        ,25745.54
133    ,Entry Short,Enter Short,2018-09-07 14:00:00,57.18 ,         ,          ,          ,            ,         ,         ,         ,            ,
       ,Exit Short ,Enter Long ,2018-09-17 02:00:00,56.34 ,7811.41  ,6561.58   ,0.01      ,0.01        ,456700.5 ,0.18     ,79207.7  ,0.03        ,13591.85
134    ,Entry Long ,Enter Long ,2018-09-17 02:00:00,56.34 ,         ,          ,          ,            ,         ,         ,         ,            ,
       ,Exit Long  ,Enter Short,2018-09-19 02:00:00,53.57 ,7996.59  ,-22150.56 ,-0.05     ,-0.05       ,434549.97,0.03     ,12554.65 ,0.1         ,46620.12
135    ,Entry Short,Enter Short,2018-09-19 02:00:00,53.57 ,         ,          ,          ,            ,         ,         ,         ,            ,
       ,Exit Short ,Enter Long ,2018-09-22 02:00:00,57.94 ,8048.96  ,-35173.96 ,-0.08     ,-0.08       ,399376   ,0.04     ,16339.39 ,0.18        ,75901.7
136    ,Entry Long ,Enter Long ,2018-09-22 02:00:00,57.94 ,         ,          ,          ,            ,         ,         ,         ,            ,
       ,Exit Long  ,Enter Short,2018-10-04 14:00:00,57.93 ,6384.04  ,-63.84    ,-0        ,-0          ,399312.16,0.13     ,48135.66 ,0.06        ,22918.7
137    ,Entry Short,Enter Short,2018-10-04 14:00:00,57.93 ,         ,          ,          ,            ,         ,         ,         ,            ,
       ,Exit Short ,Enter Long ,2018-11-05 01:00:00,52.5  ,6843.31  ,37159.17  ,0.09      ,0.09        ,436471.34,0.18     ,72060.05 ,0.03        ,11975.79
138    ,Entry Long ,Enter Long ,2018-11-05 01:00:00,52.5  ,         ,          ,          ,            ,         ,         ,         ,            ,
       ,Exit Long  ,Enter Short,2018-11-11 13:00:00,51.69 ,7892.55  ,-6392.97  ,-0.02     ,-0.01       ,430078.38,0.07     ,30228.47 ,0.03        ,12391.3
139    ,Entry Short,Enter Short,2018-11-11 13:00:00,51.69 ,         ,          ,          ,            ,         ,         ,         ,            ,
       ,Exit Short ,Enter Long ,2018-12-02 01:00:00,33.17 ,8258.46  ,152946.67 ,0.36      ,0.35        ,583025.06,0.49     ,209434.55,0           ,33.06
140    ,Entry Long ,Enter Long ,2018-12-02 01:00:00,33.17 ,         ,          ,          ,            ,         ,         ,         ,            ,
       ,Exit Long  ,Enter Short,2018-12-04 13:00:00,31.32 ,17061.93 ,-31564.57 ,-0.06     ,-0.05       ,551460.5 ,0.05     ,25592.9  ,0.11        ,62617.28
141    ,Entry Short,Enter Short,2018-12-04 13:00:00,31.32 ,         ,          ,          ,            ,         ,         ,         ,            ,
       ,Exit Short ,Enter Long ,2018-12-18 13:00:00,27.83 ,17473.75 ,60983.39  ,0.11      ,0.11        ,612443.9 ,0.29     ,158486.9 ,0.02        ,9785.3
142    ,Entry Long ,Enter Long ,2018-12-18 13:00:00,27.83 ,         ,          ,          ,            ,         ,         ,         ,            ,
       ,Exit Long  ,Enter Short,2018-12-28 13:00:00,29.06 ,20669.28 ,25423.22  ,0.04      ,0.04        ,637867.06,0.32     ,181476.28,0.01        ,7440.94
143    ,Entry Short,Enter Short,2018-12-28 13:00:00,29.06 ,         ,          ,          ,            ,         ,         ,         ,            ,
       ,Exit Short ,Enter Long ,2018-12-30 13:00:00,31.11 ,21786.43 ,-44662.18 ,-0.07     ,-0.07       ,593204.9 ,0.02     ,10239.62 ,0.15        ,97821.07
144    ,Entry Long ,Enter Long ,2018-12-30 13:00:00,31.11 ,         ,          ,          ,            ,         ,         ,         ,            ,
       ,Exit Long  ,Enter Short,2019-01-02 01:00:00,30.7  ,19020.02 ,-7798.21  ,-0.01     ,-0.01       ,585406.7 ,0.03     ,17688.62 ,0.05        ,31953.63
145    ,Entry Short,Enter Short,2019-01-02 01:00:00,30.7  ,         ,          ,          ,            ,         ,         ,         ,            ,
       ,Exit Short ,Enter Long ,2019-01-02 13:00:00,31.35 ,18909.39 ,-12291.1  ,-0.02     ,-0.02       ,573115.56,0        ,16.43    ,0.06        ,33280.53
146    ,Entry Long ,Enter Long ,2019-01-02 13:00:00,31.35 ,         ,          ,          ,            ,         ,         ,         ,            ,
       ,Exit Long  ,Enter Short,2019-01-13 01:00:00,32.22 ,17387.08 ,15126.76  ,0.03      ,0.03        ,588242.4 ,0.31     ,171088.88,0.01        ,6259.35
147    ,Entry Short,Enter Short,2019-01-13 01:00:00,32.22 ,         ,          ,          ,            ,         ,         ,         ,            ,
       ,Exit Short ,Enter Long ,2019-01-25 13:00:00,32.15 ,18114.72 ,1268.03   ,0         ,0           ,589510.4 ,0.09     ,51264.66 ,0.03        ,16303.25
148    ,Entry Long ,Enter Long ,2019-01-25 13:00:00,32.15 ,         ,          ,          ,            ,         ,         ,         ,            ,
       ,Exit Long  ,Enter Short,2019-01-29 13:00:00,30.91 ,17860.8  ,-22147.39 ,-0.04     ,-0.04       ,567363   ,0.06     ,31792.22 ,0.07        ,40365.41
149    ,Entry Short,Enter Short,2019-01-29 13:00:00,30.91 ,         ,          ,          ,            ,         ,         ,         ,            ,
       ,Exit Short ,Enter Long ,2019-02-03 01:00:00,32.9  ,18208.69 ,-36235.29 ,-0.06     ,-0.06       ,531127.7 ,0.02     ,9286.43  ,0.12        ,67372.16
150    ,Entry Long ,Enter Long ,2019-02-03 01:00:00,32.9  ,         ,          ,          ,            ,         ,         ,         ,            ,
       ,Exit Long  ,Enter Short,2019-02-27 01:00:00,45.06 ,15328.02 ,186388.72 ,0.37      ,0.35        ,717516.44,0.62     ,314377.7 ,0.07        ,35561.01
151    ,Entry Short,Enter Short,2019-02-27 01:00:00,45.06 ,         ,          ,          ,            ,         ,         ,         ,            ,
       ,Exit Short ,Enter Long ,2019-03-03 13:00:00,47.96 ,15790.99 ,-45793.87 ,-0.06     ,-0.06       ,671722.56,0.06     ,43109.4  ,0.09        ,63795.6
152    ,Entry Long ,Enter Long ,2019-03-03 13:00:00,47.96 ,         ,          ,          ,            ,         ,         ,         ,            ,
       ,Exit Long  ,Enter Short,2019-04-13 14:00:00,79.24 ,13668.06 ,427536.9  ,0.65      ,0.64        ,1099259.5,1.07     ,704451.8 ,0.07        ,45241.28
153    ,Entry Short,Enter Short,2019-04-13 14:00:00,79.24 ,         ,          ,          ,            ,         ,         ,         ,            ,
       ,Exit Short ,Enter Long ,2019-05-04 02:00:00,75.93 ,13748.28 ,45506.81  ,0.04      ,0.04        ,1144766.2,0.18     ,195775.5 ,0.07        ,74240.71
154    ,Entry Long ,Enter Long ,2019-05-04 02:00:00,75.93 ,         ,          ,          ,            ,         ,         ,         ,            ,
       ,Exit Long  ,Enter Short,2019-05-24 02:00:00,88.12 ,14210.63 ,173227.58 ,0.16      ,0.15        ,1317993.9,0.41     ,446355.88,0.06        ,69774.2
155    ,Entry Short,Enter Short,2019-05-24 02:00:00,88.12 ,         ,          ,          ,            ,         ,         ,         ,            ,
       ,Exit Short ,Enter Long ,2019-05-24 14:00:00,91.29 ,14821.29 ,-46983.49 ,-0.04     ,-0.04       ,1271010.4,0        ,0        ,0.14        ,186155.4
156    ,Entry Long ,Enter Long ,2019-05-24 14:00:00,91.29 ,         ,          ,          ,            ,         ,         ,         ,            ,
       ,Exit Long  ,Enter Short,2019-06-05 14:00:00,103.96,12840.5  ,162689.14 ,0.14      ,0.13        ,1433699.5,0.34     ,394203.34,0           ,26.83
157    ,Entry Short,Enter Short,2019-06-05 14:00:00,103.96,         ,          ,          ,            ,         ,         ,         ,            ,
       ,Exit Short ,Enter Long ,2019-06-08 14:00:00,114.66,13672.39 ,-146294.58,-0.1      ,-0.1        ,1287404.9,0.04     ,51818.36 ,0.17        ,240770.78
158    ,Entry Long ,Enter Long ,2019-06-08 14:00:00,114.66,         ,          ,          ,            ,         ,         ,         ,            ,
       ,Exit Long  ,Enter Short,2019-06-27 02:00:00,133.84,10703.68 ,205296.58 ,0.17      ,0.16        ,1492701.5,0.27     ,331492.97,0.03        ,33716.59
159    ,Entry Short,Enter Short,2019-06-27 02:00:00,133.84,         ,          ,          ,            ,         ,         ,         ,            ,
       ,Exit Short ,Enter Long ,2019-07-22 02:00:00,99.25 ,11053.08 ,382326.03 ,0.26      ,0.26        ,1875027.5,0.47     ,694575.56,0.02        ,31280.22
160    ,Entry Long ,Enter Long ,2019-07-22 02:00:00,99.25 ,         ,          ,          ,            ,         ,         ,         ,            ,
       ,Exit Long  ,Enter Short,2019-07-24 02:00:00,93.01 ,18793.16 ,-117269.32,-0.06     ,-0.06       ,1757758.2,0.02     ,32700.1  ,0.11        ,201274.75
161    ,Entry Short,Enter Short,2019-07-24 02:00:00,93.01 ,         ,          ,          ,            ,         ,         ,         ,            ,
       ,Exit Short ,Enter Long ,2019-08-02 02:00:00,97.17 ,18722.64 ,-77886.18 ,-0.04     ,-0.04       ,1679872  ,0.12     ,215497.6 ,0.08        ,144351.55
162    ,Entry Long ,Enter Long ,2019-08-02 02:00:00,97.17 ,         ,          ,          ,            ,         ,         ,         ,            ,
       ,Exit Long  ,Enter Short,2019-08-08 14:00:00,91.47 ,16640.19 ,-94849.09 ,-0.06     ,-0.06       ,1585023  ,0.1      ,162408.25,0.1         ,169230.73
163    ,Entry Short,Enter Short,2019-08-08 14:00:00,91.47 ,         ,          ,          ,            ,         ,         ,         ,            ,
       ,Exit Short ,Enter Long ,2019-09-09 02:00:00,69.15 ,17173.87 ,383320.78 ,0.24      ,0.24        ,1968343.8,0.32     ,504053.1 ,0           ,0
164    ,Entry Long ,Enter Long ,2019-09-09 02:00:00,69.15 ,         ,          ,          ,            ,         ,         ,         ,            ,
       ,Exit Long  ,Enter Short,2019-09-24 02:00:00,70.64 ,27676    ,41237.24  ,0.02      ,0.02        ,2009581  ,0.16     ,305266.28,0.11        ,213105.2
165    ,Entry Short,Enter Short,2019-09-24 02:00:00,70.64 ,         ,          ,          ,            ,         ,         ,         ,            ,
       ,Exit Short ,Enter Long ,2019-10-09 14:00:00,57.21 ,28201.52 ,378746.4  ,0.19      ,0.19        ,2388327.5,0.29     ,575875.06,0           ,91.51
166    ,Entry Long ,Enter Long ,2019-10-09 14:00:00,57.21 ,         ,          ,          ,            ,         ,         ,         ,            ,
       ,Exit Long  ,Enter Short,2019-10-13 14:00:00,56.16 ,41117.23 ,-43173.09 ,-0.02     ,-0.02       ,2345154.2,0.05     ,122529.34,0.03        ,71543.98
167    ,Entry Short,Enter Short,2019-10-13 14:00:00,56.16 ,         ,          ,          ,            ,         ,         ,         ,            ,
       ,Exit Short ,Enter Long ,2019-10-27 13:00:00,56.35 ,41358.75 ,-7858.16  ,-0        ,-0          ,2337296.2,0.16     ,372228.75,0.14        ,326320.53
168    ,Entry Long ,Enter Long ,2019-10-27 13:00:00,56.35 ,         ,          ,          ,            ,         ,         ,         ,            ,
       ,Exit Long  ,Enter Short,2019-11-15 01:00:00,59.73 ,40234.6  ,135992.95 ,0.06      ,0.06        ,2473289  ,0.17     ,389068.6 ,0           ,103.49
169    ,Entry Short,Enter Short,2019-11-15 01:00:00,59.73 ,         ,          ,          ,            ,         ,         ,         ,            ,
       ,Exit Short ,Enter Long ,2019-12-29 01:00:00,41.71 ,41025.09 ,739272.1  ,0.3       ,0.3         ,3212561.2,0.4      ,980909.9 ,0.02        ,37743.08
170    ,Entry Long ,Enter Long ,2019-12-29 01:00:00,41.71 ,         ,          ,          ,            ,         ,         ,         ,            ,
       ,Exit Long  ,Enter Short,2020-01-03 13:00:00,40.65 ,74007.71 ,-78448.17 ,-0.03     ,-0.02       ,3134113  ,0.05     ,169477.66,0.07        ,219802.9
171    ,Entry Short,Enter Short,2020-01-03 13:00:00,40.65 ,         ,          ,          ,            ,         ,         ,         ,            ,
       ,Exit Short ,Enter Long ,2020-01-05 01:00:00,42.12 ,76370.28 ,-112264.31,-0.04     ,-0.04       ,3021848.8,0        ,0        ,0.05        ,163432.4
172    ,Entry Long ,Enter Long ,2020-01-05 01:00:00,42.12 ,         ,          ,          ,            ,         ,         ,         ,            ,
       ,Exit Long  ,Enter Short,2020-01-25 01:00:00,54.43 ,69935.49 ,860905.9  ,0.29      ,0.28        ,3882754.5,0.5      ,1471442.8,0           ,153.78
173    ,Entry Short,Enter Short,2020-01-25 01:00:00,54.43 ,         ,          ,          ,            ,         ,         ,         ,            ,
       ,Exit Short ,Enter Long ,2020-01-29 01:00:00,59    ,70645.1  ,-322848.1 ,-0.08     ,-0.08       ,3559906.5,0.04     ,154712.77,0.13        ,491689.9
174    ,Entry Long ,Enter Long ,2020-01-29 01:00:00,59    ,         ,          ,          ,            ,         ,         ,         ,            ,
       ,Exit Long  ,Enter Short,2020-02-18 13:00:00,73.3  ,58246.26 ,832921.5  ,0.24      ,0.23        ,4392828  ,0.43     ,1478290.1,0.01        ,51256.71
175    ,Entry Short,Enter Short,2020-02-18 13:00:00,73.3  ,         ,          ,          ,            ,         ,         ,         ,            ,
       ,Exit Short ,Enter Long ,2020-02-24 13:00:00,77.65 ,59341.19 ,-258134.17,-0.06     ,-0.06       ,4134693.8,0.1      ,420729.03,0.09        ,412421.28
176    ,Entry Long ,Enter Long ,2020-02-24 13:00:00,77.65 ,         ,          ,          ,            ,         ,         ,         ,            ,
       ,Exit Long  ,Enter Short,2020-02-26 13:00:00,71.38 ,52359.64 ,-328294.94,-0.08     ,-0.08       ,3806399  ,0        ,0        ,0.16        ,645070.75
177    ,Entry Short,Enter Short,2020-02-26 13:00:00,71.38 ,         ,          ,          ,            ,         ,         ,         ,            ,
       ,Exit Short ,Enter Long ,2020-03-24 13:00:00,38.52 ,52847.47 ,1736567.9 ,0.46      ,0.46        ,5542967  ,0.65     ,2442610  ,0           ,187.82
178    ,Entry Long ,Enter Long ,2020-03-24 13:00:00,38.52 ,         ,          ,          ,            ,         ,         ,         ,            ,
       ,Exit Long  ,Enter Short,2020-04-14 02:00:00,41.39 ,136742.6 ,392451.25 ,0.07      ,0.07        ,5935418  ,0.24     ,1253929.6,0.05        ,252973.81
179    ,Entry Short,Enter Short,2020-04-14 02:00:00,41.39 ,         ,          ,          ,            ,         ,         ,         ,            ,
       ,Exit Short ,Enter Long ,2020-04-19 14:00:00,43.23 ,142073.03,-261414.38,-0.04     ,-0.04       ,5674003.5,0.08     ,487310.5 ,0.08        ,446109.3
180    ,Entry Long ,Enter Long ,2020-04-19 14:00:00,43.23 ,         ,          ,          ,            ,         ,         ,         ,            ,
       ,Exit Long  ,Enter Short,2020-04-21 14:00:00,41.06 ,127634.65,-276967.2 ,-0.05     ,-0.05       ,5397036.5,0        ,11487.12 ,0.08        ,463313.78
181    ,Entry Short,Enter Short,2020-04-21 14:00:00,41.06 ,         ,          ,          ,            ,         ,         ,         ,            ,
       ,Exit Short ,Enter Long ,2020-04-25 02:00:00,43.51 ,130207.91,-319009.38,-0.06     ,-0.06       ,5078027  ,0.02     ,111978.8 ,0.1         ,511717.1
182    ,Entry Long ,Enter Long ,2020-04-25 02:00:00,43.51 ,         ,          ,          ,            ,         ,         ,         ,            ,
       ,Exit Long  ,Enter Short,2020-05-11 02:00:00,43.74 ,112130.41,25789.99  ,0.01      ,0.01        ,5103817  ,0.17     ,829765.06,0.1         ,473190.34
183    ,Entry Short,Enter Short,2020-05-11 02:00:00,43.74 ,         ,          ,          ,            ,         ,         ,         ,            ,
       ,Exit Short ,Enter Long ,2020-05-19 02:00:00,44.72 ,115753.45,-113438.38,-0.02     ,-0.02       ,4990378.5,0.1      ,504685.03,0.07        ,333369.94
184    ,Entry Long ,Enter Long ,2020-05-19 02:00:00,44.72 ,         ,          ,          ,            ,         ,         ,         ,            ,
       ,Exit Long  ,Enter Short,2020-05-23 14:00:00,43.99 ,108230.74,-79008.44 ,-0.02     ,-0.02       ,4911370  ,0.03     ,159099.19,0.07        ,346338.38
185    ,Entry Short,Enter Short,2020-05-23 14:00:00,43.99 ,         ,          ,          ,            ,         ,         ,         ,            ,
       ,Exit Short ,Enter Long ,2020-05-30 02:00:00,44.38 ,110533.83,-43108.19 ,-0.01     ,-0.01       ,4868262  ,0.05     ,245385.11,0.03        ,135956.61
186    ,Entry Long ,Enter Long ,2020-05-30 02:00:00,44.38 ,         ,          ,          ,            ,         ,         ,         ,            ,
       ,Exit Long  ,Enter Short,2020-06-10 02:00:00,46.18 ,107885.81,194194.45 ,0.04      ,0.04        ,5062456.5,0.12     ,594450.8 ,0           ,18340.59
187    ,Entry Short,Enter Short,2020-06-10 02:00:00,46.18 ,         ,          ,          ,            ,         ,         ,         ,            ,
       ,Exit Short ,Enter Long ,2020-07-07 02:00:00,42.68 ,108555.87,379945.53 ,0.08      ,0.08        ,5442402  ,0.15     ,762062.2 ,0.02        ,108555.87
188    ,Entry Long ,Enter Long ,2020-07-07 02:00:00,42.68 ,         ,          ,          ,            ,         ,         ,         ,            ,
       ,Exit Long  ,Enter Short,2020-07-16 14:00:00,42.93 ,121963.93,30490.98  ,0.01      ,0.01        ,5472893  ,0.07     ,386625.66,0.04        ,218315.44
189    ,Entry Short,Enter Short,2020-07-16 14:00:00,42.93 ,         ,          ,          ,            ,         ,         ,         ,            ,
       ,Exit Short ,Enter Long ,2020-07-23 02:00:00,43.85 ,126311.43,-116206.52,-0.02     ,-0.02       ,5356686.5,0.04     ,205887.62,0.05        ,279148.25
190    ,Entry Long ,Enter Long ,2020-07-23 02:00:00,43.85 ,         ,          ,          ,            ,         ,         ,         ,            ,
       ,Exit Long  ,Enter Short,2020-08-12 14:00:00,55.27 ,118626.36,1354713   ,0.26      ,0.25        ,6711399.5,0.49     ,2546908  ,0           ,482.25
191    ,Entry Short,Enter Short,2020-08-12 14:00:00,55.27 ,         ,          ,          ,            ,         ,         ,         ,            ,
       ,Exit Short ,Enter Long ,2020-08-16 14:00:00,59.21 ,120308.33,-474014.8 ,-0.07     ,-0.07       ,6237384.5,0.06     ,395814.4 ,0.14        ,923968
192    ,Entry Long ,Enter Long ,2020-08-16 14:00:00,59.21 ,         ,          ,          ,            ,         ,         ,         ,            ,
       ,Exit Long  ,Enter Short,2020-08-24 02:00:00,59.69 ,99137.23 ,47585.87  ,0.01      ,0.01        ,6284970.5,0.16     ,965596.6 ,0.02        ,141766.23
193    ,Entry Short,Enter Short,2020-08-24 02:00:00,59.69 ,         ,          ,          ,            ,         ,         ,         ,            ,
       ,Exit Short ,Enter Long ,2020-09-01 14:00:00,61.46 ,104254.61,-184530.66,-0.03     ,-0.03       ,6100440  ,0.1      ,624485.1 ,0.07        ,412848.25
194    ,Entry Long ,Enter Long ,2020-09-01 14:00:00,61.46 ,         ,          ,          ,            ,         ,         ,         ,            ,
       ,Exit Long  ,Enter Short,2020-09-04 02:00:00,54.88 ,97840.6  ,-643791.1 ,-0.11     ,-0.11       ,5456649  ,0.05     ,283737.75,0.26        ,1558600.8
195    ,Entry Short,Enter Short,2020-09-04 02:00:00,54.88 ,         ,          ,          ,            ,         ,         ,         ,            ,
       ,Exit Short ,Enter Long ,2020-10-01 02:00:00,45.85 ,98561.64 ,890011.6  ,0.16      ,0.16        ,6346660.5,0.24     ,1298056.8,0           ,0
196    ,Entry Long ,Enter Long ,2020-10-01 02:00:00,45.85 ,         ,          ,          ,            ,         ,         ,         ,            ,
       ,Exit Long  ,Enter Short,2020-10-04 02:00:00,45.44 ,136154.77,-55823.46 ,-0.01     ,-0.01       ,6290837  ,0.06     ,356725.5 ,0.06        ,347194.66
197    ,Entry Short,Enter Short,2020-10-04 02:00:00,45.44 ,         ,          ,          ,            ,         ,         ,         ,            ,
       ,Exit Short ,Enter Long ,2020-10-05 14:00:00,46.21 ,137071.55,-105545.09,-0.02     ,-0.02       ,6185292  ,0        ,10965.72 ,0.04        ,220685.2
198    ,Entry Long ,Enter Long ,2020-10-05 14:00:00,46.21 ,         ,          ,          ,            ,         ,         ,         ,            ,
       ,Exit Long  ,Enter Short,2020-10-18 02:00:00,47.4  ,130962.19,155845    ,0.03      ,0.03        ,6341137  ,0.12     ,698028.5 ,0.02        ,149296.89
199    ,Entry Short,Enter Short,2020-10-18 02:00:00,47.4  ,         ,          ,          ,            ,         ,         ,         ,            ,
       ,Exit Short ,Enter Long ,2020-10-22 14:00:00,52.09 ,132485.36,-621356.3 ,-0.1      ,-0.1        ,5719780.5,0.02     ,119236.82,0.19        ,1184419.1
200    ,Entry Long ,Enter Long ,2020-10-22 14:00:00,52.09 ,         ,          ,          ,            ,         ,         ,         ,            ,
       ,Exit Long  ,Enter Short,2020-11-01 13:00:00,55.17 ,98129.34 ,302238.38 ,0.06      ,0.05        ,6022019  ,0.16     ,826249.06,0           ,0
201    ,Entry Short,Enter Short,2020-11-01 13:00:00,55.17 ,         ,          ,          ,            ,         ,         ,         ,            ,
       ,Exit Short ,Enter Long ,2020-11-06 13:00:00,58.45 ,108087.21,-354526.06,-0.06     ,-0.06       ,5667493  ,0.07     ,443157.56,0.14        ,859293.3
202    ,Entry Long ,Enter Long ,2020-11-06 13:00:00,58.45 ,         ,          ,          ,            ,         ,         ,         ,            ,
       ,Exit Long  ,Enter Short,2020-11-28 01:00:00,70.55 ,87923.08 ,1063869.2 ,0.21      ,0.19        ,6731362  ,0.61     ,3125665.5,0.02        ,127488.47
203    ,Entry Short,Enter Short,2020-11-28 01:00:00,70.55 ,         ,          ,          ,            ,         ,         ,         ,            ,
       ,Exit Short ,Enter Long ,2020-12-02 01:00:00,85.31 ,94760.48 ,-1398664.6,-0.21     ,-0.21       ,5332697.5,0.03     ,199944.61,0.32        ,2122634.8
204    ,Entry Long ,Enter Long ,2020-12-02 01:00:00,85.31 ,         ,          ,          ,            ,         ,         ,         ,            ,
       ,Exit Long  ,Enter Short,2020-12-09 01:00:00,80.61 ,59976.26 ,-281888.44,-0.06     ,-0.05       ,5050809  ,0.07     ,370053.53,0.12        ,596763.8
205    ,Entry Short,Enter Short,2020-12-09 01:00:00,80.61 ,         ,          ,          ,            ,         ,         ,         ,            ,
       ,Exit Short ,Enter Long ,2020-12-15 13:00:00,81.52 ,62116.56 ,-56526.07 ,-0.01     ,-0.01       ,4994283  ,0.13     ,659056.7 ,0.05        ,267722.38
206    ,Entry Long ,Enter Long ,2020-12-15 13:00:00,81.52 ,         ,          ,          ,            ,         ,         ,         ,            ,
       ,Exit Long  ,Open       ,                   ,      ,         ,          ,          ,            ,         ,         ,         ,            ,